Country,Year,Status,Population,Hepatitis B,Measles,Polio,Diphtheria,HIV/AIDS,infant deaths,under-five deaths,Total expenditure,GDP,BMI,thinness  1-19 years,Alcohol,Schooling,Life expectancy
Austria,2015,1,8633169.0,93.0,309,93.0,93.0,0.1,0,0,7.5218181818181815,43665947.0,57.6,1.9,9.842296072507553,15.9,81.5
Austria,2014,1,8541575.0,98.0,117,98.0,98.0,0.1,0,0,11.21,51322.63997,57.1,1.8,12.32,15.9,81.4
Austria,2013,1,8479375.0,95.0,0,95.0,95.0,0.1,0,0,11.14,554.71532,56.6,1.8,11.82,15.7,81.1
Austria,2012,1,8429991.0,92.0,36,92.0,92.0,0.1,0,0,11.17,48333.57273,56.1,1.8,12.26,15.7,88.0
Austria,2011,1,8391643.0,89.0,68,89.0,89.0,0.1,0,0,1.94,51126.74139,55.7,1.7,12.04,15.7,88.0
Austria,2010,1,836344.0,86.0,52,86.0,86.0,0.1,0,0,11.17,46657629.0,55.2,1.7,12.1,15.4,84.0
Austria,2009,1,8343323.0,83.0,49,83.0,83.0,0.1,0,0,11.19,47654.18721,54.7,1.7,11.3,15.3,82.0
Austria,2008,1,8321496.0,83.0,448,83.0,83.0,0.1,0,0,1.6,51386.37665,54.2,1.7,12.0,15.1,84.0
Austria,2007,1,8295487.0,85.0,20,85.0,85.0,0.1,0,0,1.4,46586.6525,53.7,1.7,12.5,15.2,81.0
Austria,2006,1,8268641.0,83.0,23,83.0,83.0,0.1,0,0,1.35,443.99361,53.2,1.7,12.4,15.0,79.8
Austria,2005,1,8227829.0,86.0,9,86.0,86.0,0.1,0,0,1.53,38242.4252,52.7,1.7,12.4,14.9,79.4
Austria,2004,1,8171966.0,83.0,15,83.0,83.0,0.1,0,0,1.56,36693.4262,52.2,1.7,12.1,14.7,79.3
Austria,2003,1,8121423.0,83.0,90,84.0,84.0,0.1,0,0,1.48,3212.9355,51.7,1.7,12.2,14.7,78.8
Austria,2002,1,881957.0,81.0,0,82.0,83.0,0.1,0,0,1.27,26351.37568,51.2,1.7,12.5,16.1,78.7
Austria,2001,1,842293.0,44.0,0,83.0,84.0,0.1,0,0,1.12,24489.73553,5.6,1.7,12.4,15.5,78.6
Austria,2000,1,811566.0,33.0,0,71.0,81.0,0.1,0,0,1.6,24517.26745,5.1,1.7,13.2,15.4,78.1
Belgium,2015,1,11274196.0,98.0,47,99.0,99.0,0.1,0,1,7.5218181818181815,4356875.0,63.7,1.0,9.842296072507553,16.6,81.1
Belgium,2014,1,112957.0,98.0,70,99.0,99.0,0.1,0,1,1.59,47439.39684,63.4,1.0,12.6,16.3,89.0
Belgium,2013,1,11182817.0,98.0,39,99.0,99.0,0.1,0,1,1.57,4651.38647,63.0,1.0,11.77,16.3,87.0
Belgium,2012,1,11128246.0,98.0,109,99.0,99.0,0.1,0,1,1.54,4474.5717,62.6,0.9,10.08,16.2,83.0
Belgium,2011,1,1147744.0,97.0,576,98.0,98.0,0.1,0,1,1.42,4772.77415,62.3,0.9,10.11,16.1,83.0
Belgium,2010,1,1895586.0,97.0,40,98.0,98.0,0.1,0,1,1.17,4438.23741,61.9,0.9,10.22,15.9,80.0
Belgium,2009,1,1796493.0,97.0,33,98.0,98.0,0.1,0,1,1.39,4488.5615,61.6,0.9,10.05,15.8,79.8
Belgium,2008,1,179973.0,98.0,98,99.0,99.0,0.1,0,1,9.6,48424.58927,61.3,0.8,10.47,15.8,79.5
Belgium,2007,1,16257.0,94.0,64,99.0,98.0,0.1,0,1,9.25,4443.83131,6.9,0.8,10.25,15.8,79.5
Belgium,2006,1,1547958.0,94.0,15,99.0,98.0,0.1,0,1,9.17,38852.3613,6.6,0.8,10.98,15.7,79.4
Belgium,2005,1,1478617.0,77.0,26,97.0,97.0,0.1,0,1,9.24,36967.28292,6.2,0.8,12.27,15.7,78.9
Belgium,2004,1,1421137.0,64.0,61,96.0,95.0,0.1,1,1,9.32,35589.71295,59.8,0.8,12.05,18.8,78.8
Belgium,2003,1,1376133.0,64.0,44,96.0,95.0,0.1,0,1,9.3,3743.95693,59.4,0.8,11.28,18.6,78.3
Belgium,2002,1,1332785.0,6.0,0,96.0,95.0,0.1,1,1,8.46,2552.3328,59.0,0.8,11.29,18.8,78.0
Belgium,2001,1,128657.0,6.0,83,96.0,95.0,0.1,1,1,8.29,23121.56635,58.5,0.8,11.01,18.2,78.0
Belgium,2000,1,125125.0,6.0,0,96.0,95.0,0.1,1,1,8.12,2327.4591,58.1,0.8,11.21,18.0,77.6
Bosnia and Herzegovina,2015,0,3535961.0,82.0,1677,74.0,82.0,0.1,0,0,7.5218181818181815,4574.9787,55.8,2.3,9.842296072507553,14.2,77.4
Bosnia and Herzegovina,2014,0,35662.0,89.0,3000,86.0,86.0,0.1,0,0,9.57,5193.94932,55.3,2.4,4.03,14.2,77.2
Bosnia and Herzegovina,2013,0,364999.0,91.0,0,87.0,89.0,0.1,0,0,9.46,535.86555,54.7,2.4,4.12,14.2,77.0
Bosnia and Herzegovina,2012,0,36482.0,92.0,22,87.0,92.0,0.1,0,0,9.94,4716.673325,54.2,2.5,4.61,13.9,76.8
Bosnia and Herzegovina,2011,0,3688865.0,88.0,10,89.0,88.0,0.1,0,0,9.71,55.156834,53.7,2.6,4.64,13.4,76.9
Bosnia and Herzegovina,2010,0,372284.0,89.0,45,9.0,89.0,0.1,0,0,9.58,4611.47298,53.1,2.6,4.54,13.3,76.4
Bosnia and Herzegovina,2009,0,3746561.0,9.0,22,9.0,9.0,0.1,0,0,9.64,4697.89732,52.6,2.7,4.75,13.3,76.1
Bosnia and Herzegovina,2008,0,3763599.0,88.0,8,92.0,91.0,0.1,0,0,8.58,575.31664,52.1,2.8,5.13,13.1,76.0
Bosnia and Herzegovina,2007,0,3774.0,94.0,166,95.0,95.0,0.1,0,0,8.37,418.292176,51.5,2.8,5.16,12.9,75.4
Bosnia and Herzegovina,2006,0,3779468.0,9.0,17,91.0,87.0,0.1,0,0,8.28,344.321698,51.0,2.9,4.82,12.7,75.7
Bosnia and Herzegovina,2005,0,378153.0,93.0,23,95.0,93.0,0.1,0,0,8.5,2968.41186,5.5,2.9,4.56,12.5,75.0
Bosnia and Herzegovina,2004,0,3781287.0,36.0,28,87.0,84.0,0.1,0,0,9.4,265.642661,49.9,3.0,4.25,12.3,75.5
Bosnia and Herzegovina,2003,0,3779247.0,82.32124352331606,18,87.0,87.0,0.1,0,0,7.94,2214.732246,49.4,3.0,4.14,12.1,75.2
Bosnia and Herzegovina,2002,0,377587.0,82.32124352331606,28,86.0,8.0,0.1,0,0,7.1,1761.537647,48.8,3.1,3.84,11.9,75.4
Bosnia and Herzegovina,2001,0,3771284.0,82.32124352331606,0,92.0,91.0,0.1,0,0,7.16,1524.41222,48.2,3.2,3.85,11.6,74.9
Bosnia and Herzegovina,2000,0,376676.0,82.32124352331606,43,87.0,85.0,0.1,0,0,7.9,1461.7552,47.6,3.3,3.64,0.0,74.6
Croatia,2015,1,42364.0,94.0,206,94.0,94.0,0.1,0,0,7.5218181818181815,11579.6674,63.7,1.5,9.842296072507553,15.3,78.0
Croatia,2014,1,4238389.0,95.0,0,95.0,95.0,0.1,0,0,7.8,13467.46827,63.1,1.5,12.14,15.1,77.8
Croatia,2013,1,4255689.0,96.0,0,96.0,96.0,0.1,0,0,7.83,13574749.0,62.5,1.5,12.39,14.9,77.7
Croatia,2012,1,4267558.0,98.0,2,96.0,96.0,0.1,0,0,7.8,13235.97757,61.9,1.5,11.49,14.6,77.1
Croatia,2011,1,428622.0,97.0,12,96.0,96.0,0.1,0,0,7.8,14539.18421,61.3,1.6,12.19,14.5,77.0
Croatia,2010,1,4417781.0,97.0,7,97.0,97.0,0.1,0,0,8.25,1355.74586,6.6,1.6,12.1,14.2,76.6
Croatia,2009,1,442978.0,97.0,2,96.0,96.0,0.1,0,0,8.18,14157.14416,6.0,1.7,12.21,14.2,76.3
Croatia,2008,1,443458.0,97.0,51,96.0,96.0,0.1,0,0,7.7,15893.8656,59.4,1.7,12.06,14.3,76.0
Croatia,2007,1,4436.0,95.0,0,96.0,96.0,0.1,0,0,7.44,13546.69872,58.7,1.8,12.56,14.3,75.8
Croatia,2006,1,444.0,82.32124352331606,1,96.0,96.0,0.1,0,0,6.95,11363.41845,58.1,1.8,11.83,13.9,75.9
Croatia,2005,1,4442.0,82.32124352331606,2,96.0,96.0,0.1,0,0,6.89,1224.2459,57.5,1.8,11.59,13.6,75.2
Croatia,2004,1,4439.0,82.32124352331606,54,96.0,96.0,0.1,0,0,6.56,9365.742468,56.9,1.9,13.11,13.3,75.4
Croatia,2003,1,444.0,82.32124352331606,19,95.0,94.0,0.1,0,0,6.35,785.881418,56.3,1.9,13.78,12.9,74.7
Croatia,2002,1,444.0,82.32124352331606,6,95.0,95.0,0.1,0,0,6.19,653.71637,55.8,2.0,13.39,12.6,74.8
Croatia,2001,1,444.0,82.32124352331606,8,94.0,94.0,0.1,0,0,7.16,5245.421419,55.2,2.0,13.15,12.3,74.9
Croatia,2000,1,4426.0,82.32124352331606,9,94.0,93.0,0.1,0,0,7.66,4919.62869,54.7,2.1,12.73,12.2,74.7
Denmark,2015,1,5683483.0,82.32124352331606,9,93.0,93.0,0.1,0,0,7.5218181818181815,5314.64416,58.8,1.1,9.842296072507553,19.2,86.0
Denmark,2014,1,5643475.0,82.32124352331606,27,94.0,94.0,0.1,0,0,1.8,62425.5392,58.4,1.1,9.64,19.2,84.0
Denmark,2013,1,5614932.0,82.32124352331606,17,94.0,94.0,0.1,0,0,11.25,61191.19263,58.1,1.1,9.5,18.7,81.0
Denmark,2012,1,5591572.0,82.32124352331606,2,94.0,94.0,0.1,0,0,1.98,5857521.0,57.7,1.1,9.26,18.4,80.0
Denmark,2011,1,557572.0,82.32124352331606,84,91.0,91.0,0.1,0,0,1.87,61753667.0,57.4,1.1,10.47,16.9,79.7
Denmark,2010,1,5547683.0,82.32124352331606,5,9.0,9.0,0.1,0,0,11.8,5841.41122,57.0,1.1,10.28,16.8,79.2
Denmark,2009,1,552395.0,82.32124352331606,6,89.0,89.0,0.1,0,0,11.47,58163.29359,56.6,1.1,10.08,16.8,78.9
Denmark,2008,1,5493621.0,82.32124352331606,14,88.0,88.0,0.1,0,0,1.18,64322.6664,56.3,1.1,10.7,16.8,78.8
Denmark,2007,1,5461438.0,82.32124352331606,2,87.0,87.0,0.1,0,0,9.99,58487451.0,55.9,1.2,10.99,16.7,78.4
Denmark,2006,1,5437272.0,82.32124352331606,27,93.0,93.0,0.1,0,0,9.92,5226.99311,55.4,1.2,11.02,16.9,78.1
Denmark,2005,1,5419432.0,82.32124352331606,2,93.0,93.0,0.1,0,0,9.77,48799.8237,55.0,1.2,11.28,16.6,78.1
Denmark,2004,1,544523.0,82.32124352331606,0,95.0,95.0,0.1,0,0,9.67,46511.6457,54.4,1.2,11.27,16.5,77.7
Denmark,2003,1,539574.0,82.32124352331606,0,96.0,96.0,0.1,0,0,9.51,4458.7764,53.9,1.2,11.54,16.3,77.3
Denmark,2002,1,5375931.0,82.32124352331606,32,98.0,98.0,0.1,0,0,9.33,33228.69291,53.3,1.2,11.34,16.6,77.0
Denmark,2001,1,5358783.0,82.32124352331606,11,97.0,97.0,0.1,0,0,9.1,3751.64946,52.8,1.3,11.56,16.2,77.0
Denmark,2000,1,5339616.0,82.32124352331606,14,97.0,97.0,0.1,0,0,8.7,3743.55917,52.2,1.3,11.69,16.5,76.9
Finland,2015,1,5479531.0,82.32124352331606,2,97.0,97.0,0.1,0,0,7.5218181818181815,4245.39744,62.1,0.9,9.842296072507553,17.0,81.1
Finland,2014,1,5461512.0,82.32124352331606,0,98.0,98.0,0.1,0,0,9.68,49914.61864,61.7,0.9,8.8,17.0,89.0
Finland,2013,1,5438972.0,82.32124352331606,2,98.0,98.0,0.1,0,0,9.55,49638.7713,61.4,0.9,8.97,17.0,87.0
Finland,2012,1,5413971.0,82.32124352331606,0,99.0,99.0,0.1,0,0,9.3,47415.55987,61.0,0.9,9.24,17.0,84.0
Finland,2011,1,5388272.0,82.32124352331606,27,99.0,99.0,0.1,0,0,9.1,579.72415,6.6,0.9,9.81,16.9,83.0
Finland,2010,1,5363352.0,82.32124352331606,5,99.0,99.0,0.1,0,0,9.5,4622.41516,6.2,0.9,9.72,16.8,79.9
Finland,2009,1,5338871.0,82.32124352331606,2,99.0,99.0,0.1,0,0,9.2,4717.15571,59.8,0.9,9.96,17.0,79.7
Finland,2008,1,5313399.0,82.32124352331606,5,97.0,99.0,0.1,0,0,8.35,5341.31487,59.4,0.9,10.26,17.1,79.6
Finland,2007,1,528872.0,82.32124352331606,0,97.0,99.0,0.1,0,0,8.9,48288.5491,59.0,0.9,10.45,17.2,79.3
Finland,2006,1,5266268.0,82.32124352331606,0,97.0,97.0,0.1,0,0,8.38,4112.67651,58.6,0.9,10.15,17.2,79.2
Finland,2005,1,524696.0,82.32124352331606,1,97.0,97.0,0.1,0,0,8.43,38969.17163,58.1,0.9,9.95,17.1,78.9
Finland,2004,1,5228172.0,82.32124352331606,0,96.0,98.0,0.1,0,0,8.21,37636.11173,57.6,0.9,9.89,18.3,78.7
Finland,2003,1,521314.0,82.32124352331606,0,96.0,98.0,0.1,0,0,8.15,32816.1688,57.1,0.9,9.31,18.1,78.4
Finland,2002,1,52598.0,82.32124352331606,0,95.0,98.0,0.1,0,0,7.81,26834.2625,56.6,0.9,9.25,18.0,78.1
Finland,2001,1,51888.0,82.32124352331606,1,95.0,98.0,0.1,0,0,7.43,24913.24452,56.1,0.9,8.94,17.7,78.0
Finland,2000,1,517629.0,82.32124352331606,0,96.0,99.0,0.1,0,0,7.22,24253.2542,55.5,0.9,8.59,17.3,77.5
France,2015,1,6662468.0,86.0,157,98.0,98.0,0.1,2,3,7.5218181818181815,36526.7711,62.5,0.7,9.842296072507553,16.3,82.4
France,2014,1,66331957.0,83.0,267,98.0,98.0,0.1,3,3,11.54,42955.24287,62.0,0.6,11.5,16.2,82.2
France,2013,1,6599857.0,74.0,272,99.0,99.0,0.1,3,3,11.56,42554.1225,61.6,0.6,11.1,16.2,82.0
France,2012,1,6565979.0,78.0,0,99.0,99.0,0.1,3,3,11.44,4838.2444,61.1,0.6,11.5,16.1,81.5
France,2011,1,65342776.0,74.0,14949,99.0,99.0,0.1,3,3,11.33,4381288.0,6.6,0.6,11.8,16.1,81.7
France,2010,1,6527512.0,65.0,5048,99.0,99.0,0.1,3,3,11.2,473.34279,6.1,0.6,11.7,16.0,81.3
France,2009,1,647744.0,51.0,1541,98.0,98.0,0.1,3,3,11.28,41631.13141,59.6,0.6,11.8,16.0,81.1
France,2008,1,6437499.0,47.0,604,98.0,98.0,0.1,3,3,1.57,45413.6571,59.1,0.6,11.9,16.1,89.0
France,2007,1,6416229.0,42.0,39,99.0,98.0,0.1,3,3,1.45,416.58397,58.6,0.6,12.2,16.1,89.0
France,2006,1,63621376.0,39.0,40,99.0,99.0,0.1,3,4,1.53,36544.5853,58.0,0.6,12.4,16.1,86.0
France,2005,1,63179356.0,35.0,36,98.0,98.0,0.1,3,4,1.6,34879.72633,57.5,0.6,12.2,15.5,81.0
France,2004,1,6274897.0,35.0,4448,99.0,98.0,0.1,3,4,1.53,33874.74255,57.0,0.6,13.18,15.5,82.0
France,2003,1,62244884.0,28.0,0,96.0,97.0,0.1,3,4,1.43,29691.18158,56.4,0.6,13.49,15.4,79.3
France,2002,1,6185267.0,29.0,5185,97.0,97.0,0.1,3,4,1.22,24275.2426,55.8,0.7,13.78,15.5,79.2
France,2001,1,61357431.0,28.0,0,98.0,97.0,0.1,3,4,9.89,22527.31775,55.2,0.7,13.89,15.6,79.0
France,2000,1,6912498.0,26.0,10000,98.0,97.0,0.1,3,4,9.77,22465.64184,54.6,0.7,13.63,15.7,78.8
Germany,2015,1,81686611.0,88.0,2464,94.0,95.0,0.1,2,3,7.5218181818181815,41176.88158,62.3,1.1,9.842296072507553,17.1,81.0
Germany,2014,1,89825.0,88.0,443,94.0,95.0,0.1,2,3,11.3,4792.65288,61.9,1.1,11.03,17.0,89.0
Germany,2013,1,864565.0,88.0,1771,94.0,95.0,0.1,2,3,11.16,4653.91143,61.4,1.1,10.94,16.9,86.0
Germany,2012,1,8425823.0,88.0,166,94.0,95.0,0.1,2,3,1.99,4465.24891,6.9,1.1,11.18,16.9,86.0
Germany,2011,1,8274983.0,88.0,1607,94.0,95.0,0.1,2,3,1.93,4681.32796,6.4,1.1,11.2,16.8,85.0
Germany,2010,1,8177693.0,88.0,780,94.0,95.0,0.1,2,3,11.25,41785.55691,59.9,1.1,11.2,16.7,81.0
Germany,2009,1,819237.0,88.0,574,95.0,96.0,0.1,2,3,11.4,41732.7725,59.5,1.1,11.22,16.7,80.0
Germany,2008,1,821197.0,87.0,917,95.0,96.0,0.1,2,3,1.39,45699.19832,59.0,1.1,11.36,16.6,79.9
Germany,2007,1,82266372.0,86.0,567,95.0,96.0,0.1,3,3,1.18,41814.8191,58.5,1.1,11.5,16.6,79.8
Germany,2006,1,82376451.0,87.0,2307,94.0,96.0,0.1,3,3,1.34,36447.87232,58.0,1.1,11.76,16.5,79.6
Germany,2005,1,82469422.0,9.0,778,95.0,96.0,0.1,3,3,1.52,34696.6292,57.6,1.1,11.67,16.4,79.2
Germany,2004,1,8251626.0,88.0,121,96.0,96.0,0.1,3,3,1.37,34165.9343,57.1,1.1,11.83,16.4,79.1
Germany,2003,1,82534176.0,9.0,779,96.0,97.0,0.1,3,4,1.62,3359.95215,56.6,1.1,11.92,16.3,78.5
Germany,2002,1,82488495.0,87.0,4657,97.0,93.0,0.1,3,4,1.4,2525.16445,56.1,1.2,12.25,16.3,78.4
Germany,2001,1,82349925.0,86.0,6024,96.0,93.0,0.1,3,4,1.15,23687.31689,55.6,1.2,12.46,16.2,78.3
Germany,2000,1,8221158.0,84.0,0,94.0,9.0,0.1,3,4,1.1,23718.7467,55.1,1.2,12.91,16.2,78.0
Greece,2015,0,182883.0,96.0,1,99.0,99.0,0.1,0,0,7.5218181818181815,187.78991,66.5,0.8,9.842296072507553,17.2,81.0
Greece,2014,0,1892413.0,96.0,1,99.0,99.0,0.1,0,0,8.8,21673.7817,66.0,0.8,7.53,17.2,88.0
Greece,2013,0,1965211.0,98.0,3,99.0,99.0,0.1,0,0,9.26,21874.8195,65.4,0.8,7.46,17.1,86.0
Greece,2012,0,114511.0,98.0,3,99.0,99.0,0.1,0,0,9.24,22242.68193,64.9,0.8,8.2,16.8,84.0
Greece,2011,0,1114899.0,95.0,40,99.0,99.0,0.1,0,0,9.77,25916.29353,64.3,0.8,8.02,16.7,85.0
Greece,2010,0,11121341.0,95.0,149,99.0,99.0,0.1,0,0,9.18,26917.75898,63.7,0.8,9.0,16.4,83.0
Greece,2009,0,111717.0,95.0,2,99.0,99.0,0.1,0,0,9.76,2971973.0,63.1,0.8,9.08,16.2,80.0
Greece,2008,0,1177841.0,95.0,1,99.0,99.0,0.1,0,0,9.76,31997.2821,62.4,0.8,9.51,15.9,79.9
Greece,2007,0,1148473.0,95.0,2,99.0,99.0,0.1,0,0,9.41,28827.32636,61.8,0.8,9.67,16.4,79.4
Greece,2006,0,112362.0,94.0,0,98.0,98.0,0.1,0,1,9.34,2481.15781,61.2,0.8,9.42,16.3,79.7
Greece,2005,0,1987314.0,93.0,122,96.0,96.0,0.1,0,1,9.36,22551.73574,6.5,0.8,9.95,15.6,79.3
Greece,2004,0,1955141.0,92.0,1,95.0,95.0,0.1,0,1,8.3,21955149.0,59.9,0.8,9.56,15.3,79.2
Greece,2003,0,19287.0,92.0,0,93.0,94.0,0.1,0,1,8.61,18477.57841,59.2,0.8,9.46,15.2,79.1
Greece,2002,0,19222.0,91.0,5,92.0,92.0,0.1,1,1,8.72,1411.31339,58.6,0.8,8.09,14.6,79.0
Greece,2001,0,1862132.0,9.0,12,9.0,91.0,0.1,1,1,8.47,12538.17883,58.0,0.9,8.62,14.2,78.7
Greece,2000,0,185880.0,89.0,56,89.0,89.0,0.1,1,1,7.6,1242.95373,57.4,0.9,8.48,13.9,78.2
Hungary,2015,1,984328.0,82.32124352331606,0,99.0,99.0,0.1,0,0,7.5218181818181815,12365.6263,64.8,1.6,9.842296072507553,15.6,75.8
Hungary,2014,1,9866468.0,82.32124352331606,0,99.0,99.0,0.1,0,0,7.4,14117.97668,64.2,1.7,0.01,15.8,75.6
Hungary,2013,1,989382.0,82.32124352331606,1,99.0,99.0,0.1,0,1,7.53,13613.6147,63.6,1.7,10.88,15.4,75.5
Hungary,2012,1,992362.0,82.32124352331606,2,99.0,99.0,0.1,0,1,7.74,12834.32349,63.0,1.7,11.27,15.4,75.0
Hungary,2011,1,9971727.0,82.32124352331606,5,99.0,99.0,0.1,0,1,7.84,1448.87958,62.4,1.7,11.51,15.4,74.8
Hungary,2010,1,123.0,82.32124352331606,0,99.0,99.0,0.1,0,1,7.85,1325.53379,61.7,1.8,10.78,15.3,74.5
Hungary,2009,1,12265.0,82.32124352331606,1,99.0,99.0,0.1,0,1,7.55,12967.16543,61.1,1.8,11.46,15.3,74.2
Hungary,2008,1,138188.0,82.32124352331606,0,99.0,99.0,0.1,1,1,7.33,15669.25929,6.5,1.9,11.64,15.3,74.1
Hungary,2007,1,15578.0,82.32124352331606,0,99.0,99.0,0.1,1,1,7.51,13842.6549,59.9,1.9,12.55,15.3,73.5
Hungary,2006,1,17137.0,82.32124352331606,1,99.0,99.0,0.1,1,1,8.1,11398.76584,59.3,2.0,13.16,15.2,73.4
Hungary,2005,1,18765.0,82.32124352331606,2,99.0,99.0,0.1,1,1,8.28,11161.72441,58.8,2.0,12.94,15.0,72.9
Hungary,2004,1,117146.0,82.32124352331606,0,99.0,99.0,0.1,1,1,8.8,1259.5266,58.2,2.1,13.28,15.3,72.9
Hungary,2003,1,1129552.0,82.32124352331606,0,99.0,99.0,0.1,1,1,8.42,8396.25323,57.6,2.1,13.24,14.9,72.5
Hungary,2002,1,115868.0,82.32124352331606,0,98.0,99.0,0.1,1,1,7.47,665.6443,57.1,2.2,13.29,14.6,72.5
Hungary,2001,1,1187576.0,82.32124352331606,20,99.0,99.0,0.1,1,1,7.11,527.85364,56.6,2.2,13.18,14.2,72.3
Hungary,2000,1,121971.0,82.32124352331606,1,99.0,99.0,0.1,1,1,7.6,4623.46712,56.1,2.3,12.22,13.9,71.7
Iceland,2015,1,33815.0,82.32124352331606,0,92.0,92.0,0.1,0,0,7.5218181818181815,5734.4436,61.0,1.0,9.842296072507553,19.0,82.7
Iceland,2014,1,327386.0,82.32124352331606,0,9.0,9.0,0.1,0,0,8.86,52473.11356,6.6,1.0,7.45,19.0,82.5
Iceland,2013,1,323764.0,82.32124352331606,0,91.0,91.0,0.1,0,0,8.75,4781.3888,6.2,1.0,7.31,19.0,82.4
Iceland,2012,1,32716.0,82.32124352331606,0,89.0,89.0,0.1,0,0,8.68,44333.8518,59.7,1.0,7.81,18.7,82.5
Iceland,2011,1,31914.0,82.32124352331606,0,95.0,95.0,0.1,0,0,8.65,46217.0,59.3,0.9,8.13,18.6,82.1
Iceland,2010,1,31841.0,82.32124352331606,0,96.0,96.0,0.1,0,0,8.86,41676.44527,58.9,0.9,8.25,18.4,81.8
Iceland,2009,1,318499.0,82.32124352331606,0,96.0,96.0,0.1,0,0,9.12,4461.89251,58.5,0.9,10.22,18.4,81.6
Iceland,2008,1,317414.0,82.32124352331606,0,98.0,98.0,0.1,0,0,8.8,55575.29196,58.1,0.9,8.49,18.2,81.4
Iceland,2007,1,311566.0,82.32124352331606,0,97.0,97.0,0.1,0,0,8.75,68348.31817,57.8,0.9,7.53,18.2,81.3
Iceland,2006,1,33782.0,82.32124352331606,0,97.0,97.0,0.1,0,0,8.96,5613.54115,57.4,0.9,7.2,18.1,81.1
Iceland,2005,1,296734.0,82.32124352331606,0,95.0,95.0,0.1,0,0,9.21,56249.7555,56.9,0.9,7.05,17.9,81.0
Iceland,2004,1,29274.0,82.32124352331606,0,99.0,99.0,0.1,0,0,9.59,46917.27216,56.5,1.0,6.79,18.3,88.0
Iceland,2003,1,289521.0,82.32124352331606,0,97.0,97.0,0.1,0,0,1.7,3944999.0,55.9,1.0,6.61,17.6,87.0
Iceland,2002,1,287523.0,82.32124352331606,0,95.0,95.0,0.1,0,0,9.86,31996.2172,55.4,1.0,6.61,17.2,84.0
Iceland,2001,1,284968.0,82.32124352331606,0,92.0,92.0,0.1,0,0,9.12,28585.9254,54.8,1.0,6.37,17.1,80.0
Iceland,2000,1,28125.0,82.32124352331606,0,98.0,98.0,0.1,0,0,9.28,31813.37344,54.2,1.0,6.17,16.8,79.7
Ireland,2015,1,4676835.0,95.0,4,95.0,95.0,0.1,0,0,7.5218181818181815,6664144.0,62.8,0.3,9.842296072507553,18.6,81.4
Ireland,2014,1,4617225.0,95.0,33,96.0,96.0,0.1,0,0,7.78,5553.32623,62.1,0.3,10.75,18.6,81.2
Ireland,2013,1,4598294.0,95.0,51,96.0,96.0,0.1,0,0,8.1,5234.76736,61.3,0.3,10.49,18.6,81.0
Ireland,2012,1,4586897.0,95.0,107,95.0,95.0,0.1,0,0,8.32,49231.36254,6.5,0.3,11.49,18.5,85.0
Ireland,2011,1,4576794.0,95.0,285,95.0,95.0,0.1,0,0,8.15,52567.52568,59.7,0.3,11.72,18.5,84.0
Ireland,2010,1,456155.0,46.0,443,94.0,94.0,0.1,0,0,8.76,48538.58776,58.9,0.3,11.88,18.2,86.0
Ireland,2009,1,4535375.0,82.32124352331606,164,94.0,94.0,0.1,0,0,9.53,51983.78892,58.2,0.3,11.41,17.9,79.7
Ireland,2008,1,4489544.0,82.32124352331606,57,93.0,93.0,0.1,0,0,8.64,61235415.0,57.4,0.3,12.66,17.9,79.8
Ireland,2007,1,4398942.0,82.32124352331606,64,92.0,92.0,0.1,0,0,7.57,61388.17457,56.6,0.3,13.59,17.6,79.5
Ireland,2006,1,4273591.0,82.32124352331606,87,91.0,91.0,0.1,0,0,7.22,54326.9713,55.8,0.3,13.44,17.6,79.0
Ireland,2005,1,4159914.0,82.32124352331606,95,9.0,9.0,0.1,0,0,7.27,5886.82789,55.1,0.3,13.31,17.5,78.7
Ireland,2004,1,47262.0,82.32124352331606,334,89.0,89.0,0.1,0,0,7.34,47631.6377,54.4,0.3,13.32,17.1,78.3
Ireland,2003,1,3996521.0,82.32124352331606,584,86.0,86.0,0.1,0,0,7.5,4117.15532,53.6,0.3,13.24,16.8,78.0
Ireland,2002,1,3931947.0,82.32124352331606,243,83.0,83.0,0.1,0,0,6.85,32539.1937,52.9,0.3,14.17,16.5,77.4
Ireland,2001,1,3866243.0,82.32124352331606,241,84.0,84.0,0.1,0,0,6.6,28223.55528,52.2,0.3,14.27,16.4,77.0
Ireland,2000,1,385174.0,82.32124352331606,0,86.0,86.0,0.1,0,0,6.3,26241.91883,51.5,0.3,14.07,16.2,76.4
Italy,2015,1,673582.0,93.0,159,93.0,93.0,0.1,1,2,7.5218181818181815,349.14755,63.6,0.6,9.842296072507553,16.3,82.7
Italy,2014,1,678914.0,95.0,0,95.0,95.0,0.1,2,2,9.25,35396.66517,63.1,0.6,7.56,16.3,82.5
Italy,2013,1,6233948.0,96.0,0,96.0,96.0,0.1,2,2,9.22,3537.27441,62.6,0.5,7.35,16.5,82.3
Italy,2012,1,59539717.0,96.0,376,96.0,97.0,0.1,2,2,9.28,34814.12436,62.1,0.5,7.49,16.6,82.0
Italy,2011,1,59379449.0,96.0,5189,96.0,96.0,0.1,2,2,9.27,38334.68477,61.5,0.5,6.98,16.4,82.0
Italy,2010,1,59277417.0,96.0,372,96.0,96.0,0.1,2,2,9.42,35849.37364,61.0,0.5,6.95,16.4,81.8
Italy,2009,1,5995365.0,96.0,351,96.0,96.0,0.1,2,2,9.41,36976.84512,6.5,0.5,7.25,16.3,81.6
Italy,2008,1,58826731.0,96.0,1617,96.0,96.0,0.1,2,2,8.89,464.18465,59.9,0.5,7.96,16.3,81.5
Italy,2007,1,5843831.0,97.0,321,97.0,97.0,0.1,2,2,8.48,37698.78573,59.4,0.5,8.37,16.1,81.3
Italy,2006,1,58143979.0,96.0,439,97.0,96.0,0.1,2,2,8.82,3341.7482,58.8,0.5,8.44,16.0,81.2
Italy,2005,1,57969484.0,96.0,135,97.0,95.0,0.1,2,2,8.71,31959.26215,58.2,0.5,8.65,15.8,88.0
Italy,2004,1,57685327.0,96.0,599,97.0,94.0,0.1,2,3,8.49,31174.56118,57.6,0.5,8.98,15.6,89.0
Italy,2003,1,5731323.0,95.0,10982,97.0,96.0,0.1,2,3,8.17,27387.2258,57.0,0.5,9.3,15.4,79.9
Italy,2002,1,57597.0,95.0,9385,96.0,93.0,0.1,2,3,8.23,22196.5736,56.4,0.5,9.25,15.2,80.0
Italy,2001,1,569741.0,95.0,0,96.0,93.0,0.1,2,3,8.11,24819.0,55.7,0.5,9.69,14.9,79.8
Italy,2000,1,5694218.0,94.0,1457,97.0,87.0,0.1,3,3,7.91,251.2426,55.0,0.5,9.78,14.8,79.4
Luxembourg,2015,1,56964.0,94.0,0,99.0,99.0,0.1,0,0,7.5218181818181815,1199.8223,61.3,1.0,9.842296072507553,13.9,82.0
Luxembourg,2014,1,556319.0,94.0,0,99.0,99.0,0.1,0,0,6.94,119172.7418,6.9,1.0,11.12,13.9,81.7
Luxembourg,2013,1,54336.0,94.0,0,99.0,99.0,0.1,0,0,7.1,113751.85,6.5,0.9,11.02,13.9,81.4
Luxembourg,2012,1,53946.0,94.0,2,99.0,99.0,0.1,0,0,7.18,16749136.0,6.1,0.9,11.34,13.9,81.1
Luxembourg,2011,1,518347.0,95.0,6,96.0,99.0,0.1,0,0,7.34,115761577.0,59.6,0.9,11.5,13.9,88.0
Luxembourg,2010,1,56953.0,94.0,0,96.0,99.0,0.1,0,0,7.68,14965361.0,59.2,0.9,11.36,13.7,86.0
Luxembourg,2009,1,497783.0,95.0,0,96.0,99.0,0.1,0,0,8.11,13198.6693,58.8,0.9,11.42,13.5,83.0
Luxembourg,2008,1,48865.0,94.0,1,96.0,99.0,0.1,0,0,7.34,114293.8433,58.4,0.9,11.53,13.5,80.0
Luxembourg,2007,1,479993.0,87.0,0,96.0,99.0,0.1,0,0,6.8,1618.4928,57.9,0.9,11.75,13.5,79.7
Luxembourg,2006,1,472637.0,95.0,8,99.0,99.0,0.1,0,0,7.75,89739.7117,57.5,0.9,11.98,13.5,79.4
Luxembourg,2005,1,465158.0,95.0,0,99.0,99.0,0.1,0,0,7.95,8289.69641,57.0,1.0,11.84,13.5,78.8
Luxembourg,2004,1,45895.0,94.0,0,99.0,99.0,0.1,0,0,8.2,75716.3518,56.4,1.0,12.42,13.5,78.7
Luxembourg,2003,1,45163.0,95.0,1,99.0,98.0,0.1,0,0,7.67,65445.8853,55.8,1.0,12.61,13.6,78.6
Luxembourg,2002,1,446175.0,95.0,0,99.0,99.0,0.1,0,0,8.27,5293.64115,55.2,1.0,12.91,13.5,78.3
Luxembourg,2001,1,441525.0,86.0,0,99.0,99.0,0.1,0,0,7.4,48179.4285,54.6,1.0,12.89,13.4,78.0
Luxembourg,2000,1,4363.0,77.0,0,99.0,99.0,0.1,0,0,7.48,48735.99549,54.0,1.0,13.14,13.5,77.8
Netherlands,2015,1,16939923.0,94.0,7,95.0,95.0,0.1,1,1,7.5218181818181815,44292.88473,62.1,1.0,9.842296072507553,18.1,81.9
Netherlands,2014,1,168658.0,92.0,140,96.0,96.0,0.1,1,1,1.9,52157.4687,61.6,1.0,0.01,18.1,81.7
Netherlands,2013,1,1684432.0,51.0,2632,97.0,97.0,0.1,1,1,11.4,51574.48942,61.0,1.0,8.68,18.1,81.4
Netherlands,2012,1,16754962.0,2.0,10,97.0,97.0,0.1,1,1,11.1,49474.7561,6.5,1.0,9.05,18.1,81.1
Netherlands,2011,1,1669374.0,2.0,51,97.0,97.0,0.1,1,1,1.53,5354.6536,59.9,1.0,8.96,17.2,81.1
Netherlands,2010,1,16615394.0,82.32124352331606,15,97.0,97.0,0.1,1,1,1.48,5338.25483,59.3,1.0,9.33,17.0,88.0
Netherlands,2009,1,1653388.0,82.32124352331606,15,97.0,97.0,0.1,1,1,1.29,519349.0,58.6,1.0,9.23,16.9,86.0
Netherlands,2008,1,16445593.0,82.32124352331606,109,97.0,97.0,0.1,1,1,9.57,56928.8248,57.9,1.0,9.62,16.8,83.0
Netherlands,2007,1,16381696.0,82.32124352331606,10,97.0,97.0,0.1,1,1,9.36,51241.31562,57.3,1.0,9.53,16.6,82.0
Netherlands,2006,1,1634611.0,82.32124352331606,1,96.0,96.0,0.1,1,1,9.36,44453.97119,56.5,1.0,9.79,16.5,79.8
Netherlands,2005,1,16319868.0,82.32124352331606,4,96.0,96.0,0.1,1,1,9.6,41577169.0,55.8,1.0,9.69,16.4,79.4
Netherlands,2004,1,16281779.0,82.32124352331606,11,98.0,98.0,0.1,1,1,8.52,39954.64222,55.0,1.0,9.56,16.5,79.2
Netherlands,2003,1,1622532.0,82.32124352331606,4,98.0,98.0,0.1,1,1,8.46,35245.1647,54.2,1.1,9.56,16.5,78.7
Netherlands,2002,1,16148929.0,82.32124352331606,3,97.0,97.0,0.1,1,1,8.34,28817.32321,53.4,1.1,9.68,16.9,78.4
Netherlands,2001,1,164618.0,82.32124352331606,0,97.0,97.0,0.1,1,1,7.79,26584.12169,52.6,1.1,9.95,16.7,78.3
Netherlands,2000,1,15925513.0,82.32124352331606,1019,97.0,97.0,0.1,1,1,7.42,25921.12794,51.8,1.1,10.06,16.5,78.1
Norway,2015,1,518867.0,82.32124352331606,14,95.0,95.0,0.1,0,0,7.5218181818181815,7455.24654,61.2,0.8,5.97,17.7,81.8
Norway,2014,1,5137232.0,82.32124352331606,3,93.0,93.0,0.1,0,0,9.72,975.49856,6.8,0.8,6.06,17.7,81.6
Norway,2013,1,579623.0,82.32124352331606,8,94.0,94.0,0.1,0,0,9.39,1291435.0,6.3,0.8,6.21,17.5,81.5
Norway,2012,1,518573.0,82.32124352331606,4,95.0,95.0,0.1,0,0,9.16,11563727.0,59.8,0.7,6.21,17.6,81.3
Norway,2011,1,495388.0,82.32124352331606,39,94.0,94.0,0.1,0,0,9.14,1574.9861,59.4,0.7,6.53,17.6,81.1
Norway,2010,1,4889252.0,82.32124352331606,3,93.0,93.0,0.1,0,0,9.26,87646.75346,58.9,0.7,6.59,17.4,81.0
Norway,2009,1,4828726.0,82.32124352331606,2,94.0,94.0,0.1,0,0,9.49,817.77681,58.5,0.7,6.68,17.4,89.0
Norway,2008,1,4768212.0,82.32124352331606,4,94.0,94.0,0.1,0,0,8.4,9688.5961,58.0,0.7,6.75,17.6,86.0
Norway,2007,1,479153.0,82.32124352331606,0,93.0,93.0,0.1,0,0,8.58,85128.65759,57.5,0.7,6.6,17.6,85.0
Norway,2006,1,466677.0,82.32124352331606,0,94.0,94.0,0.1,0,0,8.43,74114.69715,57.0,0.8,6.47,17.5,84.0
Norway,2005,1,4623291.0,82.32124352331606,0,91.0,91.0,0.1,0,0,8.89,66775.3944,56.5,0.8,6.37,17.6,81.0
Norway,2004,1,459191.0,82.32124352331606,7,92.0,92.0,0.1,0,0,9.44,5757.26916,55.9,0.8,6.22,17.5,79.8
Norway,2003,1,4564855.0,82.32124352331606,8,92.0,92.0,0.1,0,0,9.85,5111.65445,55.3,0.8,6.04,17.1,79.4
Norway,2002,1,4538159.0,82.32124352331606,5,93.0,93.0,0.1,0,0,9.62,4361.1538,54.6,0.8,5.89,17.1,78.9
Norway,2001,1,4513751.0,82.32124352331606,4,91.0,91.0,0.1,0,0,8.65,38549.58934,54.0,0.8,5.49,17.5,78.8
Norway,2000,1,449967.0,82.32124352331606,0,91.0,9.0,0.1,0,0,8.27,38146.71539,53.3,0.8,5.67,17.1,78.5
Poland,2015,1,37986412.0,96.0,0,92.0,98.0,0.1,2,2,7.5218181818181815,12565.9876,61.7,1.9,9.842296072507553,16.4,77.5
Poland,2014,1,3811735.0,96.0,0,94.0,98.0,0.1,2,2,6.35,14341675.0,61.1,1.9,10.71,16.4,77.3
Poland,2013,1,384196.0,96.0,84,95.0,99.0,0.1,2,2,6.4,1378.54911,6.4,2.0,11.63,15.4,77.1
Poland,2012,1,3863164.0,97.0,71,95.0,99.0,0.1,2,2,6.62,13145.1484,59.7,2.0,10.81,15.3,76.8
Poland,2011,1,3863255.0,98.0,0,96.0,99.0,0.1,2,2,6.7,13893.18768,59.1,2.0,10.93,15.4,76.7
Poland,2010,1,3842794.0,98.0,13,96.0,99.0,0.1,2,2,6.88,12599.52486,58.4,2.1,10.59,15.1,76.3
Poland,2009,1,3815163.0,98.0,115,96.0,99.0,0.1,2,3,7.12,11527.59323,57.8,2.1,10.7,15.1,75.7
Poland,2008,1,38125759.0,98.0,0,96.0,99.0,0.1,2,3,6.88,141.44688,57.2,2.2,11.4,15.0,75.5
Poland,2007,1,381256.0,98.0,40,99.0,99.0,0.1,2,3,6.28,1126.31852,56.6,2.2,10.9,15.0,75.3
Poland,2006,1,38141267.0,98.0,120,99.0,99.0,0.1,2,3,6.17,94.7726,56.0,2.3,10.4,15.0,75.2
Poland,2005,1,38165445.0,98.0,13,99.0,99.0,0.1,2,3,6.2,821.251569,55.5,2.3,9.5,14.8,75.0
Poland,2004,1,38182222.0,98.0,11,99.0,99.0,0.1,2,3,6.19,6681.178818,55.0,2.4,9.19,15.5,74.9
Poland,2003,1,382457.0,97.0,48,98.0,99.0,0.1,3,3,6.22,5693.52416,54.5,2.4,9.06,15.3,74.7
Poland,2002,1,3823364.0,98.0,34,98.0,99.0,0.1,3,3,6.32,5196.932921,54.0,2.5,8.02,15.0,74.5
Poland,2001,1,3824876.0,95.0,133,98.0,98.0,0.1,3,3,5.86,4981.198619,53.6,2.5,7.74,14.7,74.2
Poland,2000,1,38258629.0,99.0,77,98.0,98.0,0.1,3,4,5.5,4492.72764,53.1,2.5,8.4,14.6,73.7
Serbia,2015,0,795383.0,94.0,383,95.0,95.0,0.1,1,1,7.5218181818181815,5237.255334,6.0,2.0,9.842296072507553,14.4,75.6
Serbia,2014,0,713576.0,92.0,37,93.0,93.0,0.1,1,1,1.37,62.173221,59.4,2.1,9.09,14.3,75.4
Serbia,2013,0,7164132.0,91.0,1,97.0,95.0,0.1,1,1,1.12,6353.826383,58.9,2.1,9.16,14.1,75.3
Serbia,2012,0,719977.0,97.0,0,93.0,91.0,0.1,1,1,9.89,5659.3824,58.3,2.1,9.38,14.0,74.9
Serbia,2011,0,723499.0,94.0,370,94.0,94.0,0.1,1,1,9.72,6423.291783,57.7,2.2,9.56,13.5,74.6
Serbia,2010,0,7291436.0,89.0,20,91.0,91.0,0.1,1,1,1.9,5411.87744,57.0,2.2,9.65,13.6,74.4
Serbia,2009,0,73287.0,93.0,1,97.0,95.0,0.1,1,1,9.9,5821.35397,56.4,2.3,9.85,13.6,74.1
Serbia,2008,0,735222.0,93.0,2,95.0,95.0,0.1,1,1,1.5,671.773913,55.8,2.3,9.54,13.5,74.0
Serbia,2007,0,7381579.0,99.0,201,93.0,94.0,0.1,1,1,1.2,5458.121718,55.1,2.4,9.3,13.5,73.8
Serbia,2006,0,7411569.0,93.0,2,97.0,92.0,0.1,1,1,8.99,4129.758741,54.5,2.5,8.58,13.4,73.6
Serbia,2005,0,744769.0,65.0,2,98.0,98.0,0.1,1,1,8.7,3528.1318,53.9,2.5,9.6,13.2,73.0
Serbia,2004,0,7463157.0,89.0,11,96.0,88.0,0.1,1,1,8.24,3331.228766,53.3,2.6,7.42,13.1,73.0
Serbia,2003,0,748591.0,82.32124352331606,15,89.0,89.0,0.1,1,1,8.13,2832.49652,52.8,2.7,7.25,13.0,73.0
Serbia,2002,0,7496522.0,82.32124352331606,63,95.0,95.0,0.1,1,1,8.9,2149.9944,52.2,2.7,6.95,13.2,72.9
Serbia,2001,0,753433.0,82.32124352331606,35,93.0,93.0,0.1,1,1,6.89,1634.87561,51.7,2.8,7.53,13.1,73.1
Serbia,2000,0,7516346.0,82.32124352331606,38,98.0,95.0,0.1,1,2,6.53,87.1365252,51.2,2.8,7.38,13.0,72.6
Slovenia,2015,1,263531.0,82.32124352331606,18,95.0,95.0,0.1,0,0,7.5218181818181815,2729.86383,6.1,1.4,9.842296072507553,17.3,88.0
Slovenia,2014,1,26198.0,82.32124352331606,52,95.0,95.0,0.1,0,0,9.23,242.67286,59.5,1.4,10.46,17.6,87.0
Slovenia,2013,1,259953.0,82.32124352331606,1,95.0,95.0,0.1,0,0,9.29,2315.31799,58.9,1.4,9.53,16.8,85.0
Slovenia,2012,1,257159.0,82.32124352331606,2,96.0,96.0,0.1,0,0,9.37,22486.47167,58.2,1.5,10.95,16.8,82.0
Slovenia,2011,1,252843.0,82.32124352331606,22,96.0,96.0,0.1,0,0,9.8,24985.24827,57.6,1.6,10.61,17.0,79.8
Slovenia,2010,1,248583.0,82.32124352331606,2,96.0,96.0,0.1,0,0,9.7,23437.4722,57.0,1.6,10.32,16.9,79.5
Slovenia,2009,1,239669.0,82.32124352331606,0,96.0,96.0,0.1,0,0,9.38,24633.79785,56.4,1.7,10.52,16.9,79.1
Slovenia,2008,1,221316.0,82.32124352331606,0,97.0,97.0,0.1,0,0,8.47,2751.8127,55.8,1.7,10.94,16.9,78.9
Slovenia,2007,1,218122.0,82.32124352331606,0,97.0,97.0,0.1,0,0,7.98,23841.31792,55.2,1.8,11.02,16.8,78.3
Slovenia,2006,1,26868.0,82.32124352331606,0,97.0,97.0,0.1,0,0,8.42,19726.1265,54.7,1.8,12.26,16.7,78.1
Slovenia,2005,1,2474.0,82.32124352331606,0,95.0,95.0,0.1,0,0,8.5,18169.1891,54.1,1.9,11.14,16.3,77.5
Slovenia,2004,1,199712.0,82.32124352331606,0,94.0,94.0,0.1,0,0,8.47,1726.9151,53.5,2.0,10.0,16.6,77.2
Slovenia,2003,1,1995733.0,82.32124352331606,0,95.0,95.0,0.1,0,0,8.77,1488.47154,52.9,2.0,11.58,16.1,76.5
Slovenia,2002,1,199453.0,82.32124352331606,0,93.0,93.0,0.1,0,0,8.62,11814.9994,52.3,2.1,9.29,15.6,76.6
Slovenia,2001,1,19926.0,82.32124352331606,0,93.0,92.0,0.1,0,0,8.57,1479.29634,51.8,2.2,10.8,14.7,76.2
Slovenia,2000,1,1988925.0,82.32124352331606,0,93.0,91.0,0.1,0,0,8.26,1227.73677,51.2,2.2,11.9,14.6,76.0
Spain,2015,1,46447697.0,97.0,115,97.0,97.0,0.1,1,1,7.5218181818181815,25683.84565,66.6,0.6,9.842296072507553,17.7,82.8
Spain,2014,1,4648882.0,96.0,154,97.0,97.0,0.1,1,1,9.3,296.47225,66.0,0.6,0.01,17.6,82.6
Spain,2013,1,466245.0,95.0,131,96.0,96.0,0.1,1,2,9.1,2921.9342,65.4,0.6,9.25,17.5,82.4
Spain,2012,1,4677355.0,96.0,1204,97.0,97.0,0.1,1,2,9.39,28562.29324,64.8,0.6,9.35,17.2,82.0
Spain,2011,1,46742697.0,97.0,3802,97.0,97.0,0.1,1,2,9.48,31834.21816,64.1,0.6,9.62,16.9,82.1
Spain,2010,1,46576897.0,97.0,302,97.0,97.0,0.1,1,2,9.56,3736228.0,63.5,0.6,9.78,16.4,81.9
Spain,2009,1,46362946.0,96.0,41,96.0,96.0,0.1,2,2,9.52,32333.4661,62.9,0.6,9.99,16.3,81.6
Spain,2008,1,4595416.0,97.0,297,97.0,97.0,0.1,2,2,8.8,35578.73619,62.3,0.6,10.24,16.1,81.3
Spain,2007,1,4522683.0,96.0,267,96.0,96.0,0.1,2,2,8.36,3279414.0,61.7,0.6,11.05,16.0,89.0
Spain,2006,1,44397319.0,97.0,362,98.0,98.0,0.1,2,2,8.23,28482.6948,61.1,0.6,11.86,15.9,88.0
Spain,2005,1,43653155.0,96.0,22,96.0,96.0,0.1,2,2,8.12,2651.71745,6.5,0.6,11.92,15.8,81.0
Spain,2004,1,42921895.0,97.0,26,97.0,97.0,0.1,2,2,8.5,24918.64584,59.9,0.6,11.96,15.6,81.0
Spain,2003,1,42187645.0,81.0,256,99.0,98.0,0.1,2,2,7.99,21495.7741,59.3,0.6,12.09,15.6,79.4
Spain,2002,1,41431558.0,82.0,67,98.0,98.0,0.1,2,2,7.25,1719.53541,58.8,0.6,12.26,15.7,79.5
Spain,2001,1,485412.0,83.0,0,95.0,96.0,0.1,2,2,7.24,15323.6114,58.2,0.6,9.86,15.7,79.4
Spain,2000,1,4567864.0,77.0,152,95.0,95.0,0.1,2,2,7.21,14676769.0,57.6,0.6,11.12,15.7,79.1
Sweden,2015,1,9799186.0,67.0,22,98.0,98.0,0.1,0,0,7.5218181818181815,5585.25847,59.5,1.5,9.842296072507553,15.9,82.4
Sweden,2014,1,969611.0,67.0,26,98.0,98.0,0.1,0,0,11.93,5918.19898,59.0,1.5,7.3,15.8,82.3
Sweden,2013,1,96379.0,67.0,51,98.0,98.0,0.1,0,0,11.97,6283.24522,58.5,1.4,7.3,15.8,81.9
Sweden,2012,1,9519374.0,53.0,30,98.0,98.0,0.1,0,0,11.8,57134777.0,58.1,1.4,7.4,15.8,81.7
Sweden,2011,1,9449213.0,42.0,26,98.0,98.0,0.1,0,0,11.7,59593.28711,57.7,1.4,7.4,16.0,81.7
Sweden,2010,1,9378126.0,82.32124352331606,6,98.0,98.0,0.1,0,0,9.47,5276.25591,57.3,1.3,7.2,15.8,81.5
Sweden,2009,1,9298515.0,82.32124352331606,3,98.0,98.0,0.1,0,0,9.94,4627592.0,56.9,1.3,7.3,15.8,81.4
Sweden,2008,1,9219637.0,82.32124352331606,25,98.0,98.0,0.1,0,0,9.23,55746.84238,56.5,1.3,6.9,15.7,81.1
Sweden,2007,1,914892.0,82.32124352331606,1,98.0,98.0,0.1,0,0,8.92,53324.37937,56.1,1.3,6.9,15.8,89.0
Sweden,2006,1,9855.0,82.32124352331606,19,98.0,98.0,0.1,0,0,8.95,46256.4716,55.7,1.3,6.5,15.9,88.0
Sweden,2005,1,929572.0,82.32124352331606,13,98.0,98.0,0.1,0,0,9.6,4385.35315,55.3,1.3,6.5,16.0,85.0
Sweden,2004,1,8993531.0,82.32124352331606,5,99.0,99.0,0.1,0,0,9.9,42442.2245,54.9,1.3,6.6,16.0,83.0
Sweden,2003,1,8958229.0,82.32124352331606,3,99.0,99.0,0.1,0,0,9.31,36961.42537,54.4,1.3,6.9,15.9,82.0
Sweden,2002,1,8924958.0,82.32124352331606,9,99.0,99.0,0.1,0,0,9.23,29571.7446,53.9,1.3,6.9,15.9,79.9
Sweden,2001,1,889596.0,82.32124352331606,5,99.0,99.0,0.1,0,0,8.86,26969.24457,53.4,1.3,6.6,15.9,79.8
Sweden,2000,1,887219.0,82.32124352331606,59,99.0,99.0,0.1,0,0,8.18,29283.55,52.8,1.4,6.2,15.9,79.6
Switzerland,2015,1,8282396.0,82.32124352331606,35,97.0,97.0,0.1,0,0,7.5218181818181815,8989.8424,57.4,0.4,9.842296072507553,16.0,83.4
Switzerland,2014,1,8188649.0,82.32124352331606,23,96.0,96.0,0.1,0,0,11.66,85814.58857,57.0,0.4,9.61,15.9,83.2
Switzerland,2013,1,889346.0,82.32124352331606,175,96.0,96.0,0.1,0,0,11.71,84658.88768,56.6,0.4,9.73,15.8,83.0
Switzerland,2012,1,7996861.0,82.32124352331606,61,96.0,96.0,0.1,0,0,11.59,83164.38795,56.2,0.5,9.86,15.7,82.7
Switzerland,2011,1,7912398.0,82.32124352331606,621,96.0,96.0,0.1,0,0,11.21,87998.44468,55.8,0.5,9.99,15.6,82.6
Switzerland,2010,1,782499.0,82.32124352331606,77,96.0,95.0,0.1,0,0,11.7,74276.71842,55.4,0.5,10.01,15.4,82.3
Switzerland,2009,1,7743831.0,82.32124352331606,958,96.0,95.0,0.1,0,0,11.0,69672471.0,55.0,0.5,10.15,15.3,82.1
Switzerland,2008,1,7647675.0,82.32124352331606,2022,96.0,95.0,0.1,0,0,1.29,72119.5687,54.6,0.5,10.29,15.3,82.0
Switzerland,2007,1,7551117.0,82.32124352331606,1015,94.0,94.0,0.1,0,0,1.21,63223.46778,54.1,0.5,10.44,15.3,81.7
Switzerland,2006,1,7483934.0,82.32124352331606,0,94.0,94.0,0.1,0,0,1.39,57348.92788,53.7,0.6,10.24,15.2,81.5
Switzerland,2005,1,7437115.0,82.32124352331606,60,94.0,94.0,0.1,0,0,1.86,54797.54663,53.2,0.6,10.15,15.2,81.1
Switzerland,2004,1,7389625.0,82.32124352331606,39,95.0,93.0,0.1,0,0,1.96,53255.97631,52.8,0.6,10.55,15.1,81.0
Switzerland,2003,1,73391.0,82.32124352331606,574,95.0,93.0,0.1,0,0,1.93,4796.56497,52.3,0.6,10.82,15.0,85.0
Switzerland,2002,1,7284753.0,82.32124352331606,0,95.0,93.0,0.1,0,0,1.61,41336.72192,51.8,0.6,10.85,15.2,84.0
Switzerland,2001,1,7229854.0,82.32124352331606,700,95.0,93.0,0.1,0,0,1.28,38538.64447,51.3,0.7,11.12,15.2,82.0
Switzerland,2000,1,718425.0,82.32124352331606,0,95.0,93.0,0.1,0,0,9.91,37813.23426,5.8,0.7,11.26,15.1,79.7
Algeria,2015,0,39871528.0,95.0,63,95.0,95.0,0.1,21,24,7.521818181818182,4132.76292,59.5,6.0,9.842296072507553,14.4,75.6
Algeria,2014,0,39113313.0,95.0,0,95.0,95.0,0.1,21,24,7.21,547.8517,58.4,6.0,0.01,14.4,75.4
Algeria,2013,0,38338562.0,95.0,25,95.0,95.0,0.1,21,24,7.12,5471.866766,57.2,5.9,0.53,14.4,75.3
Algeria,2012,0,37565847.0,95.0,18,95.0,95.0,0.1,21,24,6.14,5564.82566,56.1,5.9,0.66,14.4,75.1
Algeria,2011,0,36819558.0,95.0,112,95.0,95.0,0.1,21,24,5.29,5432.2523,55.0,5.9,0.56,14.0,74.9
Algeria,2010,0,36117637.0,95.0,103,95.0,95.0,0.1,21,24,5.12,4463.394675,53.9,5.9,0.45,13.6,74.7
Algeria,2009,0,3546576.0,94.0,107,94.0,95.0,0.1,20,23,5.36,3868.83123,52.8,6.0,0.5,13.1,74.4
Algeria,2008,0,3486715.0,91.0,217,92.0,93.0,0.1,20,23,4.2,495.254866,51.8,6.0,0.46,12.6,74.1
Algeria,2007,0,34376.0,9.0,0,95.0,95.0,0.1,20,23,3.82,3935.183343,5.8,6.0,0.44,12.3,73.8
Algeria,2006,0,33777915.0,8.0,944,95.0,95.0,0.1,20,23,3.36,3464.6179,49.8,6.1,0.36,12.3,73.4
Algeria,2005,0,33288437.0,83.0,2302,88.0,88.0,0.1,19,22,3.24,31.122378,48.9,6.1,0.5,12.0,72.9
Algeria,2004,0,3283196.0,81.0,3289,86.0,86.0,0.1,19,23,3.54,2598.9823,47.9,6.2,0.45,11.7,72.3
Algeria,2003,0,3243514.0,82.32124352331607,15374,87.0,87.0,0.1,20,23,3.6,294.33556,47.0,6.3,0.34,11.5,71.7
Algeria,2002,0,3199546.0,82.32124352331607,5862,86.0,86.0,0.1,20,23,3.73,1774.33673,46.1,6.3,0.36,11.1,71.6
Algeria,2001,0,31592153.0,82.32124352331607,2686,89.0,89.0,0.1,20,24,3.84,1732.857979,45.3,6.4,0.23,10.9,71.4
Algeria,2000,0,3118366.0,82.32124352331607,0,86.0,86.0,0.1,21,25,3.49,1757.17797,44.4,6.5,0.25,10.7,71.3
Angola,2015,0,2785935.0,64.0,118,7.0,64.0,1.9,66,98,7.521818181818182,3695.793748,23.3,8.3,9.842296072507553,11.4,52.4
Angola,2014,0,2692466.0,64.0,11699,68.0,64.0,2.0,67,101,3.31,479.31224,22.7,8.5,8.33,11.4,51.7
Angola,2013,0,2599834.0,77.0,8523,67.0,77.0,2.3,69,105,4.26,484.616884,22.1,8.6,8.1,11.4,51.1
Angola,2012,0,259615.0,75.0,4458,75.0,75.0,2.6,72,110,3.3,4598.249988,21.5,8.8,8.24,10.3,56.0
Angola,2011,0,24218565.0,72.0,1449,73.0,71.0,2.5,75,115,3.38,4299.12889,21.0,8.9,8.06,9.4,51.0
Angola,2010,0,23369131.0,77.0,1190,81.0,77.0,2.5,78,121,3.39,3529.53482,2.4,9.1,7.8,9.0,49.6
Angola,2009,0,22549547.0,61.0,2807,63.0,6.0,2.5,81,127,4.37,3347.84485,19.8,9.3,7.01,8.5,49.1
Angola,2008,0,2175942.0,69.0,265,65.0,69.0,2.6,84,133,3.84,3868.578883,19.3,9.5,7.07,8.1,48.7
Angola,2007,0,2997687.0,73.0,1014,75.0,73.0,2.6,87,138,3.38,2878.837144,18.8,9.6,6.35,7.7,48.2
Angola,2006,0,2262399.0,82.32124352331607,765,36.0,34.0,2.5,90,143,4.54,262.415149,18.2,9.8,5.84,7.2,47.7
Angola,2005,0,19552542.0,82.32124352331607,258,39.0,38.0,2.6,92,148,4.1,1443.991929,17.7,1.0,5.04,6.8,47.4
Angola,2004,0,18865716.0,82.32124352331607,29,4.0,4.0,2.5,94,152,4.71,141.86844,17.2,1.2,3.53,6.4,47.1
Angola,2003,0,1823369.0,82.32124352331607,1196,4.0,4.0,2.4,95,155,4.41,779.468356,16.8,1.4,3.49,5.9,46.8
Angola,2002,0,17572649.0,82.32124352331607,11945,37.0,41.0,2.3,96,157,3.63,711.181716,16.3,1.5,2.82,5.5,46.5
Angola,2001,0,16983266.0,82.32124352331607,9046,41.0,38.0,2.1,97,159,5.38,526.168743,15.8,1.7,2.58,5.1,45.7
Angola,2000,0,1644924.0,82.32124352331607,2219,3.0,28.0,2.0,97,160,2.79,555.2969419,15.4,1.9,1.85,4.6,45.3
Benin,2015,0,1575952.0,82.0,55,78.0,82.0,1.0,25,39,7.521818181818182,783.94791,25.7,6.9,9.842296072507553,10.7,60.0
Benin,2014,0,1286712.0,78.0,786,74.0,78.0,1.1,25,39,4.59,943.686575,25.2,7.1,0.01,10.7,59.7
Benin,2013,0,14451.0,77.0,637,73.0,77.0,1.2,25,39,4.59,915.2674586,24.6,7.2,0.01,10.3,59.5
Benin,2012,0,972916.0,8.0,288,8.0,8.0,1.3,25,39,4.86,837.9551,24.1,7.4,0.01,10.0,59.3
Benin,2011,0,94682.0,75.0,426,77.0,75.0,1.4,25,39,5.37,825.9427854,23.5,7.6,1.4,9.8,59.1
Benin,2010,0,9199259.0,76.0,392,77.0,76.0,1.4,25,39,4.95,757.695974,23.0,7.8,1.33,9.5,58.7
Benin,2009,0,894476.0,79.0,1461,8.0,79.0,1.6,25,39,4.46,793.45243,22.5,7.9,1.16,9.3,58.4
Benin,2008,0,8696916.0,75.0,928,77.0,75.0,1.8,25,39,4.2,82.1513498,22.0,8.1,1.28,9.1,57.6
Benin,2007,0,8454791.0,82.0,341,82.0,82.0,2.0,25,39,4.55,76.535419,21.5,8.3,1.12,8.9,57.1
Benin,2006,0,8216896.0,74.0,176,76.0,74.0,2.0,25,39,4.75,625.8392,21.0,8.5,1.19,8.7,56.8
Benin,2005,0,7982225.0,7.0,210,73.0,7.0,2.1,25,39,4.73,61.799977,2.5,8.7,1.13,8.5,56.5
Benin,2004,0,7754.0,75.0,262,74.0,72.0,2.1,25,39,4.56,583.493514,2.1,8.9,1.15,8.1,56.1
Benin,2003,0,752555.0,73.0,217,75.0,73.0,2.1,25,40,4.63,519.2922847,19.7,9.1,1.35,7.7,55.8
Benin,2002,0,7295394.0,15.0,1588,76.0,75.0,2.1,25,40,4.27,418.6985763,19.2,9.3,1.23,7.3,55.6
Benin,2001,0,776733.0,82.32124352331607,5859,77.0,76.0,2.1,25,40,4.69,378.73654,18.8,9.5,1.29,6.6,55.5
Benin,2000,0,6865951.0,82.32124352331607,4244,78.0,78.0,2.0,25,40,4.34,374.1923942,18.4,9.7,1.34,6.4,55.4
Botswana,2015,0,229197.0,95.0,0,96.0,95.0,2.2,2,2,7.521818181818182,6532651.0,37.9,6.4,9.842296072507553,12.6,65.7
Botswana,2014,0,2168573.0,95.0,1,96.0,95.0,2.3,2,2,5.41,7497.762376,37.3,6.7,0.01,12.6,65.1
Botswana,2013,0,212857.0,95.0,1,96.0,95.0,2.8,2,2,5.84,77.625783,36.8,7.0,0.01,12.6,64.2
Botswana,2012,0,289315.0,95.0,7,96.0,95.0,4.4,2,3,6.27,729.231453,36.2,7.3,0.01,12.5,63.4
Botswana,2011,0,251339.0,95.0,8,96.0,95.0,5.5,2,3,5.25,7645.21469,35.7,7.7,5.76,12.4,62.2
Botswana,2010,0,214866.0,95.0,853,96.0,95.0,6.2,2,3,5.64,6346.15624,35.2,8.0,5.99,12.3,61.1
Botswana,2009,0,1979882.0,94.0,184,96.0,96.0,9.0,2,3,6.39,5185.729845,34.7,8.4,5.01,12.2,59.2
Botswana,2008,0,1946351.0,94.0,0,96.0,96.0,12.7,2,3,5.55,5623.379566,34.2,8.8,6.56,12.1,57.5
Botswana,2007,0,1914414.0,93.0,1,96.0,96.0,13.4,2,3,4.71,5714.47937,33.7,9.2,6.21,12.1,56.9
Botswana,2006,0,1884238.0,93.0,6,96.0,96.0,14.4,2,3,4.93,5374.554867,33.2,9.6,6.45,11.9,54.8
Botswana,2005,0,1855852.0,92.0,5,96.0,96.0,20.6,2,3,5.62,5351.253732,32.7,1.0,6.37,11.9,51.7
Botswana,2004,0,182933.0,91.0,1,96.0,96.0,28.4,2,4,5.56,4896.583835,32.2,1.5,4.9,11.8,48.1
Botswana,2003,0,184339.0,9.0,59,96.0,96.0,31.9,2,4,4.65,4163.6596,31.6,1.9,5.51,11.8,46.4
Botswana,2002,0,1779953.0,88.0,7,97.0,97.0,34.6,2,4,6.47,355.618382,31.1,11.4,6.41,11.9,46.0
Botswana,2001,0,1754935.0,87.0,1,97.0,97.0,37.2,2,4,5.73,3128.97793,3.5,11.8,5.48,11.8,46.7
Botswana,2000,0,172834.0,86.0,2672,97.0,97.0,38.8,2,4,4.64,3349.68823,29.9,12.3,5.37,11.7,47.8
Burkina Faso,2015,0,1811624.0,91.0,99,91.0,91.0,0.6,38,61,7.521818181818182,615.592225,19.4,8.0,9.842296072507553,7.7,59.9
Burkina Faso,2014,0,17585977.0,91.0,343,91.0,91.0,0.6,39,63,4.96,75.1464113,18.8,8.2,0.01,7.7,59.3
Burkina Faso,2013,0,1772723.0,88.0,375,89.0,88.0,0.7,40,66,5.91,699.452847,18.2,8.4,4.64,7.5,59.0
Burkina Faso,2012,0,16571216.0,9.0,7362,9.0,9.0,0.8,41,68,5.33,673.8227,17.7,8.6,4.75,7.2,58.6
Burkina Faso,2011,0,168194.0,91.0,860,9.0,91.0,0.9,42,71,5.17,666.842783,17.1,8.8,4.51,6.7,58.1
Burkina Faso,2010,0,1565217.0,91.0,2511,9.0,91.0,1.0,43,74,7.17,575.4464527,16.6,9.0,4.55,6.3,57.5
Burkina Faso,2009,0,1514199.0,92.0,54118,91.0,92.0,1.1,44,77,7.41,552.7455521,16.1,9.3,4.55,5.9,56.9
Burkina Faso,2008,0,14689726.0,93.0,395,92.0,93.0,1.5,45,80,6.77,569.7612784,15.6,9.5,4.5,5.4,56.1
Burkina Faso,2007,0,1425221.0,89.0,12,93.0,89.0,1.7,46,83,6.63,475.11122,15.1,9.8,4.58,4.9,55.3
Burkina Faso,2006,0,13829177.0,76.0,125,94.0,86.0,2.0,47,86,6.58,422.6332374,14.6,1.0,4.73,4.7,54.3
Burkina Faso,2005,0,1342193.0,82.32124352331607,253,94.0,82.0,2.3,48,89,6.87,46.998871,14.2,1.3,4.88,4.3,53.3
Burkina Faso,2004,0,133569.0,82.32124352331607,77,83.0,79.0,2.5,49,91,6.45,371.323865,13.7,1.5,4.54,3.9,52.4
Burkina Faso,2003,0,12654621.0,82.32124352331607,2946,83.0,79.0,2.9,49,92,5.61,332.344351,13.3,1.7,4.58,3.8,51.6
Burkina Faso,2002,0,122931.0,82.32124352331607,1744,69.0,69.0,3.2,49,93,5.26,26.7635413,12.9,11.0,4.53,3.6,51.0
Burkina Faso,2001,0,11944587.0,82.32124352331607,4174,62.0,62.0,3.6,48,93,4.85,235.4912324,12.5,11.2,4.56,3.5,56.0
Burkina Faso,2000,0,1167942.0,82.32124352331607,6074,45.0,45.0,4.0,48,92,5.6,226.4759814,12.2,11.4,3.71,3.4,51.0
Cameroon,2015,0,22834522.0,84.0,1809,83.0,84.0,3.5,45,68,7.521818181818182,1244.429421,29.0,5.6,9.842296072507553,10.4,57.3
Cameroon,2014,0,2223994.0,87.0,831,86.0,87.0,3.7,47,71,4.1,1441.1417,28.4,5.7,0.01,10.4,56.7
Cameroon,2013,0,21655715.0,89.0,760,88.0,89.0,4.0,48,73,4.29,1365.34419,27.8,5.8,0.01,10.4,56.4
Cameroon,2012,0,2182383.0,85.0,609,85.0,85.0,4.6,50,76,4.34,1255.648189,27.2,5.9,0.01,10.4,55.9
Cameroon,2011,0,252447.0,82.0,504,8.0,82.0,4.9,51,79,3.96,1295.649726,26.6,6.0,6.19,10.0,55.6
Cameroon,2010,0,1997495.0,84.0,240,83.0,84.0,5.5,53,82,5.28,1182.869227,26.0,6.1,6.15,9.7,55.3
Cameroon,2009,0,19432541.0,8.0,251,79.0,8.0,6.3,54,85,5.7,123.19538,25.4,6.3,5.89,9.2,54.8
Cameroon,2008,0,18978.0,84.0,495,82.0,84.0,6.7,56,87,5.18,1233.524316,24.9,6.4,5.9,8.8,54.2
Cameroon,2007,0,18395389.0,82.0,100,81.0,82.0,7.0,57,89,4.76,111.71186,24.4,6.6,5.44,8.0,53.6
Cameroon,2006,0,17899562.0,81.0,196,78.0,81.0,7.2,58,91,4.69,12.989164,23.8,6.7,5.22,8.2,53.3
Cameroon,2005,0,1742795.0,79.0,605,79.0,8.0,7.4,58,93,4.75,952.1872484,23.3,6.9,5.03,8.3,52.8
Cameroon,2004,0,1695981.0,82.32124352331607,358,72.0,73.0,7.5,59,94,4.73,93.211716,22.8,7.0,4.71,8.2,52.1
Cameroon,2003,0,16513822.0,82.32124352331607,899,72.0,73.0,7.7,60,95,4.97,824.8689393,22.3,7.2,4.64,8.1,51.8
Cameroon,2002,0,1684886.0,82.32124352331607,1448,66.0,66.0,7.8,60,97,4.86,676.397661,21.8,7.4,4.58,8.4,51.6
Cameroon,2001,0,15671927.0,82.32124352331607,23934,61.0,63.0,7.9,61,99,4.7,614.6729339,21.3,7.5,4.43,7.1,51.5
Cameroon,2000,0,15274234.0,82.32124352331607,14629,57.0,62.0,7.7,62,100,4.48,68.414399,2.9,7.7,3.91,6.9,51.4
Chad,2015,0,149413.0,46.0,418,52.0,46.0,2.8,46,77,7.521818181818182,777.248751,19.1,8.5,9.842296072507553,7.3,53.1
Chad,2014,0,13569438.0,37.0,1275,44.0,37.0,2.9,46,78,3.62,125.998515,18.7,8.7,0.01,7.3,52.6
Chad,2013,0,13133589.0,39.0,226,46.0,39.0,3.1,46,78,3.42,986.13177,18.2,8.8,0.64,7.3,52.2
Chad,2012,0,1275135.0,4.0,120,51.0,4.0,3.6,46,79,3.0,973.472574,17.9,9.0,0.62,7.3,51.8
Chad,2011,0,12288651.0,33.0,8650,4.0,33.0,3.9,46,79,3.17,989.2363633,17.5,9.2,0.56,6.7,51.6
Chad,2010,0,1188722.0,39.0,194,43.0,39.0,4.1,46,80,2.95,896.5697341,17.1,9.4,0.5,6.7,51.2
Chad,2009,0,1152786.0,24.0,165,32.0,24.0,4.4,46,80,3.31,84.455939,16.7,9.6,0.47,6.3,57.0
Chad,2008,0,11133861.0,17.0,63,3.0,19.0,4.7,46,80,2.92,929.772391,16.4,9.8,0.45,6.0,49.6
Chad,2007,0,177578.0,82.32124352331607,441,38.0,28.0,4.9,46,80,3.35,81.683884,16.1,1.0,0.42,5.7,49.4
Chad,2006,0,1421597.0,82.32124352331607,1594,49.0,4.0,5.1,45,80,3.32,712.1847694,15.7,1.3,0.41,5.5,48.5
Chad,2005,0,1679.0,82.32124352331607,2,37.0,25.0,5.2,45,79,3.91,66.2421396,15.4,1.5,0.42,5.6,48.6
Chad,2004,0,97143.0,82.32124352331607,10324,31.0,21.0,5.2,44,78,5.72,454.6765879,15.1,1.7,0.34,5.6,48.5
Chad,2003,0,935321.0,82.32124352331607,15801,36.0,23.0,5.1,44,77,5.49,292.5914364,14.8,1.9,0.42,5.4,48.4
Chad,2002,0,91689.0,82.32124352331607,7277,31.0,25.0,5.0,43,76,8.33,22.854821,14.4,11.1,0.36,5.1,48.1
Chad,2001,0,866312.0,82.32124352331607,24908,26.0,26.0,4.8,42,75,6.9,197.3156442,14.1,11.3,0.3,4.9,48.0
Chad,2000,0,8342559.0,82.32124352331607,3546,3.0,36.0,4.6,41,74,6.28,166.231785,13.9,11.5,0.25,4.7,47.6
Eritrea,2015,0,447469.0,95.0,198,95.0,95.0,0.4,5,7,7.521818181818182,2025945.594128702,18.6,8.4,9.842296072507553,5.0,64.7
Eritrea,2014,0,447469.0,94.0,127,94.0,94.0,0.4,5,8,3.34,2025945.594128702,18.0,8.5,0.01,5.0,64.4
Eritrea,2013,0,447469.0,94.0,45,94.0,94.0,0.5,6,8,3.1,2025945.594128702,17.5,8.6,0.01,5.0,64.0
Eritrea,2012,0,447469.0,94.0,194,94.0,94.0,0.6,6,8,2.98,2025945.594128702,17.0,8.7,0.01,5.0,63.6
Eritrea,2011,0,447469.0,96.0,48,96.0,96.0,0.7,6,8,3.6,582.775532,16.5,8.8,0.62,5.0,62.9
Eritrea,2010,0,43984.0,9.0,51,9.0,9.0,0.9,6,9,3.24,482.14994,16.0,8.9,0.61,5.1,62.1
Eritrea,2009,0,431334.0,92.0,82,92.0,92.0,1.0,6,9,3.3,43.7544499,15.5,9.0,0.63,5.2,61.4
Eritrea,2008,0,4232636.0,94.0,0,94.0,94.0,1.1,6,9,3.69,326.825642,15.1,9.1,0.49,5.2,67.0
Eritrea,2007,0,4153332.0,91.0,55,91.0,91.0,1.3,6,9,3.29,317.3294336,14.7,9.2,1.23,5.3,62.0
Eritrea,2006,0,466648.0,94.0,128,94.0,94.0,1.4,7,9,3.3,297.828588,14.3,9.3,0.97,5.3,59.7
Eritrea,2005,0,39697.0,96.0,19,96.0,96.0,1.6,7,9,2.97,276.75896,13.9,9.4,1.07,5.4,59.4
Eritrea,2004,0,3858623.0,84.0,24,98.0,98.0,1.8,7,10,3.14,287.4222243,13.6,9.6,0.64,5.0,59.1
Eritrea,2003,0,3738265.0,91.0,376,95.0,93.0,1.9,7,10,3.5,232.7945459,13.3,9.7,0.56,4.7,58.8
Eritrea,2002,0,3614639.0,86.0,460,92.0,9.0,1.9,7,10,4.2,21.7687981,13.1,9.9,0.83,4.4,58.5
Eritrea,2001,0,3497124.0,82.32124352331607,204,89.0,86.0,2.0,7,10,3.95,215.139213,12.8,1.0,0.61,4.3,58.1
Eritrea,2000,0,339281.0,82.32124352331607,789,82.0,81.0,1.9,7,10,4.43,28.1969487,12.6,1.2,0.83,3.9,45.3
Gabon,2015,0,193175.0,8.0,27,79.0,8.0,2.7,2,3,7.521818181818182,7388.984144,36.3,6.1,9.842296072507553,12.6,66.0
Gabon,2014,0,1875713.0,7.0,33,68.0,7.0,2.8,2,3,3.44,9692.163874,35.8,6.1,0.01,12.6,65.5
Gabon,2013,0,1817271.0,79.0,122,77.0,79.0,3.7,2,3,3.98,9679.742995,35.2,6.2,8.86,12.5,64.6
Gabon,2012,0,1756817.0,82.0,2,8.0,82.0,4.9,2,3,3.13,9774.18117,34.6,6.3,8.3,12.5,63.5
Gabon,2011,0,169711.0,75.0,2,75.0,75.0,6.0,2,3,3.12,1716.2258,34.1,6.4,8.9,12.5,62.8
Gabon,2010,0,16421.0,67.0,1,68.0,67.0,7.0,2,3,3.41,8754.113376,33.5,6.5,8.85,12.5,62.3
Gabon,2009,0,1586754.0,79.0,0,74.0,76.0,8.0,2,3,3.43,763.66223,33.0,6.7,8.64,12.4,61.7
Gabon,2008,0,1536411.0,82.0,3,81.0,82.0,8.9,2,3,2.54,194.2746,32.4,6.8,8.75,12.4,61.6
Gabon,2007,0,1489193.0,75.0,0,78.0,81.0,10.0,2,3,2.86,8352.81711,31.9,6.9,9.02,12.4,61.6
Gabon,2006,0,1444844.0,52.0,90,44.0,45.0,10.7,2,3,2.88,727.777345,31.4,7.1,8.01,12.4,61.4
Gabon,2005,0,143126.0,28.0,0,44.0,45.0,10.9,2,3,2.76,6741.293948,3.8,7.2,7.72,12.4,65.0
Gabon,2004,0,136425.0,82.32124352331607,63,44.0,45.0,11.1,2,3,3.26,5685.577736,3.3,7.4,8.13,12.3,59.7
Gabon,2003,0,1328146.0,82.32124352331607,0,44.0,45.0,11.0,2,3,3.48,4892.11618,29.8,7.5,6.47,12.3,59.7
Gabon,2002,0,129449.0,82.32124352331607,110,44.0,45.0,10.7,2,3,3.22,412.55271,29.2,7.7,8.34,12.3,59.7
Gabon,2001,0,1262259.0,82.32124352331607,5129,44.0,45.0,10.1,2,3,3.23,3976.14887,28.7,7.8,9.29,12.3,59.8
Gabon,2000,0,1231122.0,82.32124352331607,15,44.0,45.0,9.5,2,3,2.89,4116.46693,28.1,8.0,8.87,12.2,61.0
Ghana,2015,0,27582821.0,88.0,23,88.0,88.0,0.7,37,52,7.521818181818182,1361.11395,28.6,6.2,9.842296072507553,11.4,62.4
Ghana,2014,0,26962563.0,98.0,124,93.0,98.0,0.8,37,54,3.56,1432.227943,28.0,6.4,0.01,11.7,62.1
Ghana,2013,0,26346251.0,9.0,319,91.0,9.0,0.9,38,55,4.63,1814.492297,27.3,6.6,0.01,11.5,61.9
Ghana,2012,0,2573349.0,92.0,1613,91.0,92.0,0.9,39,56,4.79,1629.8222,26.7,6.7,0.01,11.2,61.6
Ghana,2011,0,25121796.0,91.0,120,91.0,91.0,1.3,40,58,4.81,1574.978653,26.1,6.9,1.64,10.9,61.2
Ghana,2010,0,2451214.0,94.0,641,94.0,94.0,1.9,40,59,5.33,1312.67557,25.5,7.1,1.69,10.5,69.0
Ghana,2009,0,2393831.0,94.0,101,94.0,94.0,2.1,41,60,5.17,186.76538,24.9,7.3,1.76,10.4,66.0
Ghana,2008,0,2329864.0,93.0,82,92.0,93.0,2.2,41,61,4.85,1224.41554,24.2,7.5,1.78,9.8,63.0
Ghana,2007,0,227212.0,94.0,6,94.0,94.0,2.6,41,61,5.3,19.686718,23.6,7.7,1.25,9.1,59.9
Ghana,2006,0,22113425.0,84.0,420,84.0,84.0,2.9,41,62,4.64,922.9351677,23.0,7.9,1.7,8.7,59.4
Ghana,2005,0,215429.0,84.0,435,85.0,84.0,3.1,41,62,4.51,498.172394,22.4,8.1,1.5,8.1,58.9
Ghana,2004,0,2986536.0,8.0,60,81.0,8.0,3.2,41,62,3.96,423.1936389,21.8,8.4,1.46,7.7,58.3
Ghana,2003,0,2446782.0,8.0,1939,8.0,8.0,3.4,41,63,3.12,373.2815537,21.2,8.6,1.53,7.9,57.9
Ghana,2002,0,19924522.0,8.0,12289,8.0,78.0,3.5,42,63,3.7,39.484473,2.7,8.8,1.6,7.6,57.6
Ghana,2001,0,1942165.0,82.32124352331607,13476,81.0,79.0,3.5,42,64,3.56,273.6596668,2.1,9.0,1.49,8.0,57.4
Ghana,2000,0,18938762.0,82.32124352331607,23068,88.0,88.0,3.6,43,65,3.0,263.1124679,19.5,9.2,1.6,7.7,57.2
Guinea,2015,0,1291533.0,54.0,243,42.0,54.0,0.5,26,40,7.521818181818182,554.48766,23.3,7.3,9.842296072507553,8.8,59.0
Guinea,2014,0,118559.0,51.0,175,42.0,51.0,0.5,27,41,5.64,561.997387,22.7,7.5,0.01,8.6,58.1
Guinea,2013,0,11536615.0,63.0,53,63.0,63.0,1.0,27,41,5.49,54.169324,22.2,7.7,0.01,8.5,58.8
Guinea,2012,0,11281469.0,62.0,6,63.0,62.0,1.9,28,42,5.39,52.3485646,21.7,7.8,0.01,8.5,58.4
Guinea,2011,0,113517.0,63.0,11,63.0,63.0,2.0,28,43,4.73,459.2912,21.2,8.0,0.22,8.4,58.1
Guinea,2010,0,179417.0,64.0,45,62.0,64.0,2.2,29,44,4.55,438.7513346,2.8,8.2,0.2,8.3,57.8
Guinea,2009,0,1556524.0,57.0,264,6.0,57.0,2.3,29,46,3.85,436.6895539,2.3,8.4,0.18,8.1,57.3
Guinea,2008,0,1323142.0,57.0,89,59.0,6.0,2.3,30,47,3.21,437.4467238,19.8,8.6,0.21,7.9,56.8
Guinea,2007,0,196727.0,57.0,3,46.0,63.0,2.4,31,48,3.8,49.456775,19.4,8.9,0.19,7.6,56.4
Guinea,2006,0,9881428.0,82.32124352331607,4,53.0,57.0,2.6,31,49,3.2,296.68382,19.0,9.1,0.16,7.1,55.6
Guinea,2005,0,9679745.0,82.32124352331607,99,59.0,59.0,2.7,32,51,2.82,33.424498,18.5,9.3,0.21,6.6,54.7
Guinea,2004,0,949229.0,82.32124352331607,10,65.0,6.0,2.8,33,53,3.14,386.3288283,18.1,9.5,0.34,5.1,54.0
Guinea,2003,0,939848.0,82.32124352331607,2497,61.0,57.0,2.9,34,55,3.45,37.1931781,17.7,9.7,0.18,5.9,53.3
Guinea,2002,0,9137345.0,82.32124352331607,2151,56.0,53.0,3.0,35,56,3.76,322.811171,17.3,9.9,0.21,5.5,52.9
Guinea,2001,0,8971139.0,82.32124352331607,7408,52.0,5.0,3.0,36,58,3.65,315.83983,16.9,1.1,0.17,5.1,52.5
Guinea,2000,0,888546.0,82.32124352331607,11294,47.0,46.0,3.0,37,60,3.46,34.516918,16.6,1.3,0.17,4.8,52.5
Kenya,2015,0,47236259.0,89.0,95,83.0,89.0,2.8,54,75,7.521818181818182,1349.97144,22.0,7.8,9.842296072507553,11.1,63.4
Kenya,2014,0,462425.0,92.0,354,93.0,92.0,2.9,56,79,5.72,1335.6458,21.3,7.8,0.01,11.1,62.9
Kenya,2013,0,44826849.0,93.0,190,94.0,87.0,3.0,58,81,5.57,1229.114798,2.7,7.9,1.84,11.1,62.6
Kenya,2012,0,43646629.0,94.0,0,94.0,94.0,3.0,59,84,5.49,1155.2582,2.1,8.0,1.81,11.1,62.1
Kenya,2011,0,42486839.0,96.0,2395,97.0,96.0,3.4,60,86,5.23,987.4453967,19.5,8.1,1.8,11.1,61.2
Kenya,2010,0,4135152.0,9.0,95,9.0,9.0,4.3,61,89,3.97,967.34773,18.9,8.2,1.73,11.1,63.0
Kenya,2009,0,423724.0,88.0,1218,89.0,88.0,5.0,62,91,4.17,92.816252,18.4,8.2,1.86,10.7,59.1
Kenya,2008,0,39148416.0,88.0,1282,88.0,88.0,6.4,64,95,3.9,916.8992515,17.9,8.3,1.71,10.4,57.9
Kenya,2007,0,388599.0,81.0,1516,76.0,81.0,9.1,66,100,4.8,839.181117,17.3,8.4,1.97,10.1,56.8
Kenya,2006,0,37525.0,8.0,1847,77.0,8.0,10.3,68,104,4.24,697.66385,16.9,8.5,1.76,9.7,55.3
Kenya,2005,0,3648288.0,76.0,153,7.0,76.0,11.6,70,108,4.36,519.7999346,16.4,8.6,1.82,9.6,54.1
Kenya,2004,0,3574931.0,73.0,20,73.0,73.0,13.2,72,112,4.29,458.8843551,15.9,8.7,1.43,8.9,53.0
Kenya,2003,0,3413852.0,73.0,65,75.0,73.0,14.5,74,115,4.45,436.6875357,15.5,8.8,1.49,8.2,52.4
Kenya,2002,0,332149.0,84.0,766,83.0,84.0,15.7,76,118,4.54,395.8493511,15.1,8.9,1.66,8.5,52.1
Kenya,2001,0,32321482.0,82.32124352331607,11304,77.0,8.0,16.9,77,120,4.62,41.7763612,14.7,9.0,1.63,8.4,51.9
Kenya,2000,0,3145483.0,82.32124352331607,21002,8.0,82.0,18.1,77,121,4.68,43.9797132,14.4,9.2,1.51,8.4,51.9
Liberia,2015,0,4499621.0,52.0,1060,52.0,52.0,0.9,8,11,7.521818181818182,452.38717,27.3,6.5,9.842296072507553,9.9,61.4
Liberia,2014,0,439737.0,5.0,34,49.0,5.0,0.9,8,11,1.4,458.4651734,26.7,6.7,0.01,9.9,58.1
Liberia,2013,0,4286291.0,76.0,0,75.0,76.0,1.1,9,11,9.25,454.1222236,26.1,6.8,0.01,9.8,61.1
Liberia,2012,0,4181563.0,8.0,43,8.0,8.0,1.2,9,12,1.19,415.361958,25.6,7.0,0.01,9.6,67.0
Liberia,2011,0,47167.0,77.0,279,77.0,77.0,1.5,9,12,11.23,379.689583,25.0,7.2,3.72,9.5,62.0
Liberia,2010,0,3948125.0,47.0,2200,71.0,7.0,1.8,9,13,11.87,327.42597,24.5,7.4,3.64,9.6,59.7
Liberia,2009,0,3811528.0,64.0,6,84.0,81.0,2.1,10,13,14.39,33.667491,24.0,7.6,3.75,9.7,59.2
Liberia,2008,0,3662993.0,64.0,1,79.0,75.0,2.4,10,14,11.83,232.61732,23.4,7.7,3.88,9.8,58.6
Liberia,2007,0,3512932.0,82.32124352331607,1,67.0,65.0,2.8,10,14,1.24,21.3733292,22.9,7.9,4.03,9.9,57.9
Liberia,2006,0,3375838.0,82.32124352331607,20,66.0,6.0,3.0,11,15,1.9,178.92799,22.4,8.1,4.05,10.0,56.7
Liberia,2005,0,326123.0,82.32124352331607,8,66.0,6.0,3.1,12,16,8.4,168.648254,22.0,8.3,4.19,10.1,55.3
Liberia,2004,0,3176414.0,82.32124352331607,4,47.0,31.0,3.2,12,17,8.77,149.4452549,21.5,8.5,4.24,10.2,54.0
Liberia,2003,0,3116233.0,82.32124352331607,142,49.0,35.0,3.2,13,18,3.44,133.494518,21.1,8.7,4.21,10.3,50.0
Liberia,2002,0,362863.0,82.32124352331607,131,51.0,39.0,3.1,13,19,5.43,177.285187,2.7,8.8,4.27,10.4,56.0
Liberia,2001,0,2991132.0,82.32124352331607,1379,54.0,42.0,3.1,14,20,6.41,174.1815473,2.4,9.0,4.4,10.5,51.5
Liberia,2000,0,2884522.0,82.32124352331607,5977,56.0,46.0,3.1,14,20,5.91,183.4149991,2.2,9.2,4.46,8.7,51.9
Malawi,2015,0,1757367.0,88.0,0,88.0,88.0,4.8,26,38,7.521818181818182,362.6575444,19.6,6.4,9.842296072507553,10.8,58.3
Malawi,2014,0,1768838.0,91.0,3,87.0,91.0,5.1,27,40,11.38,354.7253961,19.2,6.5,0.01,10.7,57.6
Malawi,2013,0,16577147.0,89.0,1,89.0,89.0,6.3,29,42,1.96,332.922339,18.8,6.5,0.01,10.7,56.7
Malawi,2012,0,169735.0,96.0,11,95.0,96.0,8.3,31,46,12.6,374.51882,18.4,6.6,0.01,10.7,55.3
Malawi,2011,0,15627618.0,97.0,26,97.0,97.0,11.2,32,50,11.67,512.125451,18.0,6.7,1.23,10.6,54.1
Malawi,2010,0,1516795.0,93.0,118712,86.0,93.0,13.7,35,54,1.5,458.8681744,17.6,6.8,1.08,10.2,52.9
Malawi,2009,0,1471462.0,93.0,21,93.0,93.0,14.9,36,56,1.18,42.7379657,17.3,6.9,1.16,9.9,51.5
Malawi,2008,0,14271234.0,91.0,20,92.0,91.0,16.9,36,58,1.7,372.842678,16.9,7.0,1.27,9.6,50.0
Malawi,2007,0,1384969.0,87.0,143,88.0,87.0,19.3,37,59,9.31,32.2227274,16.6,7.1,1.18,9.7,48.5
Malawi,2006,0,13429262.0,99.0,1,99.0,99.0,21.1,38,61,8.99,297.6971211,16.2,7.3,1.18,9.6,47.1
Malawi,2005,0,1339711.0,93.0,184,94.0,93.0,22.4,39,62,8.2,28.3673842,15.9,7.4,1.04,9.7,46.0
Malawi,2004,0,1267638.0,89.0,1116,94.0,89.0,23.4,40,65,7.82,274.2256294,15.5,7.5,1.11,10.0,45.1
Malawi,2003,0,12336687.0,84.0,167,85.0,84.0,24.2,43,70,6.35,26.152517,15.2,7.6,1.08,10.3,44.6
Malawi,2002,0,1213711.0,64.0,92,79.0,64.0,24.7,46,75,4.82,29.9798977,14.8,7.7,1.1,10.4,44.0
Malawi,2001,0,11695863.0,82.32124352331607,150,86.0,9.0,25.1,48,80,5.7,146.7615397,14.4,7.9,1.15,10.1,43.5
Malawi,2000,0,11376172.0,82.32124352331607,304,73.0,75.0,25.5,51,84,6.7,153.2594872,14.1,8.0,1.18,10.7,43.1
Mali,2015,0,1746795.0,64.0,215,66.0,64.0,1.5,52,84,7.521818181818182,729.725338,23.8,7.7,9.842296072507553,8.4,58.2
Mali,2014,0,16962846.0,73.0,290,74.0,73.0,1.6,52,85,6.86,825.5729915,23.2,7.9,0.01,8.2,57.8
Mali,2013,0,16477818.0,69.0,221,7.0,69.0,1.6,53,86,6.58,777.659139,22.5,8.1,0.01,8.0,57.3
Mali,2012,0,16667.0,66.0,341,72.0,66.0,1.5,53,88,6.47,777.3476868,21.9,8.3,0.01,7.7,57.2
Mali,2011,0,1554989.0,66.0,24,72.0,66.0,1.5,54,90,6.59,835.88998,21.3,8.5,0.61,7.5,56.8
Mali,2010,0,157585.0,72.0,1719,77.0,73.0,1.5,54,91,6.35,78.377632,2.7,8.8,0.6,7.3,56.5
Mali,2009,0,1466597.0,71.0,2939,77.0,73.0,1.6,55,93,6.85,697.153124,2.2,9.0,0.59,7.1,56.0
Mali,2008,0,14138216.0,74.0,98,74.0,74.0,1.6,55,94,6.74,689.6784228,19.6,9.2,0.57,5.8,55.5
Mali,2007,0,1367566.0,74.0,2,76.0,74.0,1.7,56,96,6.97,595.6368319,19.0,9.4,0.55,6.4,55.0
Mali,2006,0,1322764.0,9.0,128,79.0,78.0,1.8,57,98,6.56,521.6425796,18.5,9.7,0.53,6.1,54.3
Mali,2005,0,12798763.0,83.0,33,78.0,77.0,1.9,57,101,6.34,487.942556,18.0,9.9,0.55,5.8,53.6
Mali,2004,0,1239196.0,73.0,172,7.0,69.0,2.0,58,103,6.28,439.3572924,17.5,1.1,0.49,5.5,52.8
Mali,2003,0,125128.0,79.0,232,67.0,63.0,2.2,59,106,6.25,391.791281,17.0,1.3,0.54,5.2,52.0
Mali,2002,0,11638929.0,82.32124352331607,717,65.0,61.0,2.3,60,108,6.32,334.22416,16.5,1.5,0.53,4.9,51.2
Mali,2001,0,11293258.0,82.32124352331607,4464,56.0,49.0,2.4,60,110,6.39,36.8473237,16.1,1.8,0.51,4.6,55.0
Mali,2000,0,196769.0,82.32124352331607,1578,53.0,43.0,2.5,60,111,6.29,269.3483829,15.6,11.0,0.47,4.4,49.8
Mauritania,2015,0,4182341.0,73.0,1,67.0,73.0,0.9,8,12,7.521818181818182,1158.256469,3.8,7.8,9.842296072507553,8.5,63.1
Mauritania,2014,0,46392.0,84.0,14,84.0,84.0,0.9,8,12,3.77,1326.66882,3.1,8.0,0.01,8.5,63.0
Mauritania,2013,0,394617.0,8.0,62,8.0,8.0,1.1,8,12,3.63,145.57838,29.4,8.1,0.01,8.2,62.7
Mauritania,2012,0,383239.0,8.0,35,8.0,8.0,1.2,8,12,3.36,1364.283745,28.8,8.3,0.01,7.8,62.5
Mauritania,2011,0,3717672.0,75.0,234,73.0,75.0,1.2,8,12,2.87,1393.261593,28.1,8.5,0.01,7.7,62.2
Mauritania,2010,0,369543.0,64.0,1292,52.0,64.0,1.2,8,12,3.28,123.383675,27.4,8.7,0.01,7.6,62.0
Mauritania,2009,0,356288.0,64.0,322,63.0,64.0,1.2,8,12,3.79,146.83851,26.8,8.9,0.01,7.1,61.7
Mauritania,2008,0,347541.0,74.0,4,73.0,74.0,1.3,8,12,3.23,1167.535689,26.1,9.2,0.02,7.2,61.4
Mauritania,2007,0,3312665.0,74.0,11,75.0,75.0,1.3,8,12,3.54,113.3128,25.5,9.4,0.02,7.4,61.2
Mauritania,2006,0,322653.0,68.0,22,68.0,68.0,1.3,8,12,3.21,944.134851,24.8,9.6,0.01,7.2,69.0
Mauritania,2005,0,31372.0,42.0,127,71.0,71.0,1.3,8,12,4.21,697.7451989,24.2,9.8,0.01,7.2,66.0
Mauritania,2004,0,342823.0,82.32124352331607,5039,68.0,7.0,1.3,8,12,4.7,62.547286,23.6,1.0,0.01,6.7,64.0
Mauritania,2003,0,2957117.0,82.32124352331607,3611,75.0,76.0,1.3,8,12,4.53,528.586613,22.9,1.3,0.01,6.6,63.0
Mauritania,2002,0,2873228.0,82.32124352331607,883,91.0,89.0,1.2,7,12,5.31,46.9542322,22.3,1.5,0.02,6.5,62.0
Mauritania,2001,0,279729.0,82.32124352331607,1398,75.0,75.0,1.2,7,12,4.34,464.229758,21.7,1.7,0.01,6.5,61.0
Mauritania,2000,0,279359.0,82.32124352331607,0,58.0,51.0,1.1,7,11,5.26,477.476124,21.1,1.9,0.03,6.4,60.0
Morocco,2015,0,3483322.0,99.0,17,99.0,99.0,0.1,17,20,7.521818181818182,2847.285569,58.5,6.4,9.842296072507553,12.1,74.3
Morocco,2014,0,3431882.0,99.0,10,99.0,99.0,0.1,18,21,5.91,3154.513484,57.5,6.4,0.43,12.1,74.1
Morocco,2013,0,33824769.0,99.0,92,99.0,99.0,0.1,18,21,5.94,3111.762887,56.5,6.4,0.45,12.1,73.9
Morocco,2012,0,33333789.0,99.0,668,99.0,99.0,0.1,19,22,6.15,294.746728,55.5,6.3,0.55,11.6,73.6
Morocco,2011,0,32858823.0,98.0,982,98.0,99.0,0.1,19,22,5.99,339.91616,54.6,6.3,0.54,11.2,73.3
Morocco,2010,0,3249639.0,98.0,633,99.0,99.0,0.1,20,23,5.86,2834.2472,53.6,6.3,0.56,10.7,72.8
Morocco,2009,0,31989897.0,98.0,834,99.0,99.0,0.1,20,23,5.67,2861.5545,52.7,6.4,0.62,10.5,72.3
Morocco,2008,0,31596855.0,97.0,1455,99.0,99.0,0.1,21,24,5.41,2884.94776,51.7,6.4,0.51,10.3,71.8
Morocco,2007,0,31225881.0,95.0,2248,95.0,95.0,0.1,21,25,5.48,2494.353552,5.8,6.4,0.56,10.0,71.4
Morocco,2006,0,3869346.0,95.0,1217,97.0,97.0,0.1,22,25,5.23,2191.478567,49.9,6.4,0.58,10.0,71.0
Morocco,2005,0,35217.0,96.0,0,98.0,98.0,0.1,22,26,5.6,213.755559,49.1,6.5,0.47,9.8,77.0
Morocco,2004,0,3179285.0,95.0,6399,97.0,97.0,0.1,23,27,5.22,1948.812275,48.2,6.5,0.56,9.6,72.0
Morocco,2003,0,29843937.0,9.0,10841,91.0,91.0,0.1,24,28,5.25,1721.973863,47.3,6.6,0.58,9.3,69.9
Morocco,2002,0,29512368.0,92.0,6000,94.0,94.0,0.1,25,29,5.31,1413.757176,46.5,6.6,0.46,8.8,69.5
Morocco,2001,0,29181832.0,84.0,2724,93.0,96.0,0.1,26,30,4.44,1336.775376,45.7,6.7,0.46,8.5,69.0
Morocco,2000,0,28849621.0,43.0,7368,95.0,95.0,0.1,27,32,4.18,1332.382358,44.8,6.7,0.45,8.0,68.6
Namibia,2015,0,2425561.0,92.0,212,92.0,92.0,2.1,2,3,7.521818181818182,4737.66996,35.7,8.2,9.842296072507553,11.7,65.8
Namibia,2014,0,237992.0,88.0,477,88.0,88.0,2.2,2,3,8.93,5421.343953,34.9,8.6,0.01,11.7,65.9
Namibia,2013,0,231652.0,89.0,1028,89.0,89.0,2.5,3,3,8.53,5488.131712,34.1,9.0,0.01,11.6,66.1
Namibia,2012,0,2263934.0,84.0,86,84.0,84.0,3.7,3,4,8.24,5749.44752,33.3,9.5,0.01,11.5,65.8
Namibia,2011,0,2215621.0,82.0,79,85.0,82.0,4.7,3,4,8.78,56.971392,32.5,9.9,7.84,11.5,64.3
Namibia,2010,0,217317.0,83.0,3138,83.0,83.0,6.2,3,4,7.89,5191.58381,31.8,1.4,7.58,11.4,63.0
Namibia,2009,0,21374.0,82.32124352331607,4076,83.0,83.0,8.7,3,4,8.5,4153.497885,31.0,1.9,7.99,11.4,62.4
Namibia,2008,0,216375.0,82.32124352331607,0,83.0,83.0,11.7,3,4,7.15,429.6561,3.2,11.5,6.28,11.3,61.7
Namibia,2007,0,279915.0,82.32124352331607,21,81.0,86.0,15.2,3,4,6.99,422.51968,29.4,12.0,5.12,11.3,60.0
Namibia,2006,0,255734.0,82.32124352331607,3,74.0,86.0,19.2,3,4,7.2,3881.29535,28.7,12.6,4.94,11.4,57.0
Namibia,2005,0,232196.0,82.32124352331607,4,86.0,86.0,22.1,3,4,7.32,3573.146387,27.9,13.1,4.89,11.6,55.1
Namibia,2004,0,29228.0,82.32124352331607,4,81.0,81.0,24.0,3,4,6.47,3288.257373,27.2,13.7,4.8,11.7,54.7
Namibia,2003,0,1986535.0,82.32124352331607,262,82.0,79.0,24.7,3,4,6.52,2482.36862,26.5,14.2,5.28,11.7,55.0
Namibia,2002,0,1962147.0,82.32124352331607,1278,78.0,77.0,24.6,3,4,6.17,1713.47594,25.8,14.7,5.09,11.8,55.7
Namibia,2001,0,1933596.0,82.32124352331607,416,79.0,78.0,23.9,3,4,6.18,1834.29486,25.1,15.2,5.09,11.7,56.5
Namibia,2000,0,1899257.0,82.32124352331607,469,8.0,79.0,22.8,3,4,6.11,257.99557,24.5,15.7,5.73,11.5,57.4
Niger,2015,0,19896965.0,65.0,7693,65.0,65.0,0.4,49,87,7.521818181818182,358.99731,19.3,9.6,9.842296072507553,5.4,61.8
Niger,2014,0,19148219.0,68.0,1142,67.0,68.0,0.5,49,88,5.82,43.646498,18.9,9.8,0.01,5.3,61.4
Niger,2013,0,18426372.0,67.0,1224,56.0,67.0,0.6,49,89,5.9,416.14838,18.5,1.0,0.01,5.3,69.0
Niger,2012,0,17731634.0,71.0,272,71.0,71.0,0.7,49,90,6.11,391.515524,18.1,1.3,0.01,5.1,63.0
Niger,2011,0,1764636.0,75.0,771,4.0,75.0,0.7,50,93,6.66,375.5819866,17.7,1.5,0.15,4.8,59.4
Niger,2010,0,16425578.0,7.0,372,75.0,7.0,0.9,50,95,6.36,348.151511,17.3,1.7,0.12,4.5,58.2
Niger,2009,0,15813913.0,71.0,801,71.0,71.0,1.1,51,99,6.98,341.2894618,16.9,11.0,0.11,4.2,57.1
Niger,2008,0,15228525.0,82.32124352331607,1317,68.0,67.0,1.3,52,102,6.76,354.8185998,16.5,11.2,0.12,4.0,56.0
Niger,2007,0,14668338.0,82.32124352331607,282,57.0,57.0,1.4,53,106,6.94,292.55962,16.1,11.4,0.1,3.8,55.2
Niger,2006,0,1413264.0,82.32124352331607,59,52.0,51.0,1.5,54,110,7.39,258.463873,15.7,11.6,0.11,3.7,54.5
Niger,2005,0,13618449.0,82.32124352331607,2183,46.0,45.0,1.6,55,114,7.15,25.383731,15.4,11.9,0.11,3.5,53.7
Niger,2004,0,1312712.0,82.32124352331607,63057,45.0,43.0,1.6,56,118,6.61,232.5661574,15.0,12.1,0.11,3.1,52.9
Niger,2003,0,1265687.0,82.32124352331607,54190,44.0,41.0,1.6,56,121,6.23,215.8548,14.6,12.3,0.1,3.0,52.1
Niger,2002,0,12262.0,82.32124352331607,31584,43.0,39.0,1.6,57,124,6.55,177.828384,14.3,12.5,0.1,2.9,51.4
Niger,2001,0,11771976.0,82.32124352331607,61208,42.0,36.0,1.6,57,127,7.1,165.257247,13.9,12.7,0.11,2.9,56.0
Niger,2000,0,11352973.0,82.32124352331607,21319,41.0,34.0,1.5,58,128,6.1,158.455972,13.6,12.8,0.1,2.8,50.0
Nigeria,2015,0,181181744.0,49.0,12423,49.0,49.0,3.7,483,747,7.521818181818182,2655.157977,25.4,9.8,9.842296072507553,10.0,54.5
Nigeria,2014,0,1764652.0,49.0,6855,49.0,49.0,3.9,490,759,3.67,3221.678128,24.7,1.1,0.01,10.0,53.6
Nigeria,2013,0,17182933.0,46.0,52852,46.0,46.0,3.9,498,773,3.7,2996.96432,24.1,1.4,8.3,9.8,53.2
Nigeria,2012,0,167297284.0,42.0,6447,42.0,42.0,4.4,505,788,3.3,2755.297787,23.5,1.7,8.54,9.7,52.7
Nigeria,2011,0,16287776.0,46.0,18843,48.0,48.0,4.7,513,802,3.69,2527.9423,22.8,11.0,8.75,9.6,52.3
Nigeria,2010,0,158578261.0,49.0,8491,54.0,54.0,4.8,521,817,3.47,2327.3267,22.2,11.3,8.9,9.5,52.0
Nigeria,2009,0,15442181.0,63.0,1272,66.0,63.0,4.9,527,832,4.24,197.661422,21.6,11.7,9.05,9.3,51.6
Nigeria,2008,0,1534739.0,41.0,9960,6.0,53.0,5.0,536,848,4.0,1383.893354,21.0,12.0,9.3,9.2,59.0
Nigeria,2007,0,14641724.0,42.0,2613,54.0,42.0,5.2,542,863,4.47,1136.829645,2.4,12.3,9.55,9.1,55.0
Nigeria,2006,0,14261494.0,27.0,704,46.0,4.0,5.3,549,879,3.66,119.743286,19.9,12.6,9.66,9.0,49.8
Nigeria,2005,0,138939478.0,18.0,110927,45.0,36.0,5.4,556,893,4.11,87.8938738,19.3,12.9,9.71,8.9,49.2
Nigeria,2004,0,135393616.0,82.32124352331607,31521,43.0,33.0,5.4,563,907,4.33,648.815852,18.8,13.2,9.76,8.5,48.5
Nigeria,2003,0,131972533.0,82.32124352331607,141258,42.0,29.0,5.4,567,918,4.5,512.65719,18.3,13.5,9.75,8.1,48.1
Nigeria,2002,0,12866671.0,82.32124352331607,42007,4.0,25.0,5.3,571,928,2.43,459.4572117,17.8,13.8,9.61,7.7,47.7
Nigeria,2001,0,125463434.0,82.32124352331607,168107,36.0,27.0,5.1,574,936,3.25,351.7996666,17.3,14.1,9.58,8.0,47.4
Nigeria,2000,0,1223529.0,82.32124352331607,212183,31.0,29.0,4.9,576,943,2.84,379.1193264,16.9,14.3,9.23,7.6,47.1
Rwanda,2015,0,11629553.0,98.0,1,99.0,98.0,0.4,11,15,7.521818181818182,71.348397,21.4,5.7,9.842296072507553,10.8,66.1
Rwanda,2014,0,11345357.0,98.0,10,98.0,98.0,0.4,12,16,7.53,76.5699517,2.8,5.8,0.01,10.8,65.7
Rwanda,2013,0,1165151.0,98.0,17,98.0,98.0,0.5,12,17,7.69,688.8768557,2.1,5.9,0.01,10.8,65.2
Rwanda,2012,0,1788853.0,98.0,75,98.0,98.0,0.7,13,18,7.68,678.796973,19.5,6.1,0.01,10.5,64.6
Rwanda,2011,0,151671.0,97.0,31,93.0,97.0,1.3,14,20,7.71,617.317648,18.9,6.3,8.34,10.2,63.8
Rwanda,2010,0,1246842.0,97.0,121,93.0,97.0,2.3,16,23,7.91,563.491487,18.3,6.5,7.92,10.0,62.8
Rwanda,2009,0,9977446.0,97.0,5,93.0,97.0,2.8,17,25,7.2,539.1538211,17.7,6.6,7.11,10.2,61.0
Rwanda,2008,0,978169.0,97.0,6,97.0,97.0,3.7,18,28,7.66,5.6687264,17.1,6.7,6.39,10.4,68.0
Rwanda,2007,0,944742.0,97.0,26,98.0,97.0,5.0,20,30,8.49,44.853339,16.5,6.8,6.78,10.1,59.6
Rwanda,2006,0,92658.0,99.0,494,99.0,99.0,6.2,22,34,1.2,342.3656294,15.9,6.8,6.88,9.3,57.6
Rwanda,2005,0,8991735.0,95.0,129,95.0,95.0,7.1,24,38,6.83,287.931877,15.4,6.8,7.01,8.8,55.3
Rwanda,2004,0,8818438.0,89.0,386,89.0,89.0,7.7,26,42,6.24,236.9114381,14.9,6.9,6.75,8.2,53.4
Rwanda,2003,0,868346.0,96.0,1064,96.0,96.0,8.1,29,46,6.34,212.6619491,14.5,7.0,6.66,7.6,52.0
Rwanda,2002,0,853625.0,88.0,2738,85.0,88.0,8.0,31,50,4.18,196.59778,14.1,7.2,7.82,7.2,57.0
Rwanda,2001,0,832946.0,82.32124352331607,896,76.0,77.0,8.1,33,54,4.38,21.569654,13.7,7.4,5.72,7.1,48.6
Rwanda,2000,0,82573.0,82.32124352331607,2095,9.0,9.0,8.5,34,57,4.22,216.172747,13.2,7.6,7.13,6.6,48.3
Senegal,2015,0,14976994.0,89.0,58,85.0,89.0,0.3,19,26,7.521818181818182,98.7256145,24.3,9.5,9.842296072507553,9.5,66.7
Senegal,2014,0,14546111.0,89.0,32,85.0,89.0,0.3,19,27,4.66,152.443873,23.8,9.7,0.26,9.1,66.4
Senegal,2013,0,141232.0,92.0,17,89.0,92.0,0.3,20,28,4.51,148.912351,23.2,9.9,0.26,8.7,66.0
Senegal,2012,0,1373513.0,91.0,46,83.0,91.0,0.4,20,29,4.31,136.4518,22.7,1.0,0.28,8.3,65.6
Senegal,2011,0,13391.0,92.0,18,89.0,92.0,0.4,20,31,4.42,18.25321,22.2,1.2,0.32,7.9,64.9
Senegal,2010,0,12916229.0,89.0,428,76.0,89.0,0.4,21,32,4.62,11.631377,21.7,1.4,0.28,7.7,64.3
Senegal,2009,0,1255917.0,86.0,999,83.0,86.0,0.5,21,33,4.81,12.566464,21.2,1.6,0.3,7.5,63.5
Senegal,2008,0,1223957.0,88.0,6,87.0,88.0,0.6,22,34,4.94,11.33678,2.8,1.8,0.28,7.1,62.8
Senegal,2007,0,11873557.0,94.0,11,93.0,94.0,0.7,22,36,4.72,95.3978522,2.3,11.0,0.32,6.8,62.1
Senegal,2006,0,11556763.0,89.0,3,89.0,89.0,0.7,23,38,5.44,89.838296,19.9,11.2,0.34,6.6,61.3
Senegal,2005,0,11251266.0,84.0,0,84.0,84.0,0.7,23,40,5.35,773.8698713,19.5,11.4,0.33,6.4,65.0
Senegal,2004,0,1955944.0,54.0,31,87.0,87.0,0.7,24,42,5.68,733.581811,19.1,11.6,0.35,6.2,59.7
Senegal,2003,0,16799.0,82.32124352331607,1519,73.0,73.0,0.7,25,44,5.4,642.7663113,18.7,11.8,0.33,5.9,59.0
Senegal,2002,0,1396861.0,82.32124352331607,18184,6.0,6.0,0.7,25,47,5.6,513.26227,18.3,12.0,0.36,5.7,58.4
Senegal,2001,0,1134497.0,82.32124352331607,24789,49.0,52.0,0.6,26,49,4.98,481.287397,17.9,12.1,0.34,5.4,57.9
Senegal,2000,0,988452.0,82.32124352331607,5839,49.0,52.0,0.5,27,50,4.63,473.45338,17.5,12.3,0.29,5.2,57.5
Sierra Leone,2015,0,723725.0,86.0,607,86.0,86.0,0.5,22,30,7.521818181818182,587.538233,24.4,7.4,9.842296072507553,9.5,51.0
Sierra Leone,2014,0,779162.0,83.0,1006,83.0,83.0,0.6,23,32,11.9,78.4394757,23.8,7.5,0.01,9.5,48.1
Sierra Leone,2013,0,692279.0,92.0,15,92.0,92.0,0.8,23,33,11.59,71.8186998,23.3,7.7,0.01,9.3,54.0
Sierra Leone,2012,0,676613.0,91.0,678,91.0,91.0,0.9,25,35,11.24,561.8984239,22.7,7.9,0.01,9.1,49.7
Sierra Leone,2011,0,6611692.0,89.0,1865,88.0,89.0,1.3,26,38,11.98,445525.0,22.2,8.1,3.78,8.9,48.9
Sierra Leone,2010,0,645872.0,86.0,1089,84.0,86.0,1.6,27,40,1.32,45.128418,21.7,8.3,3.84,8.7,48.1
Sierra Leone,2009,0,63126.0,84.0,31,81.0,84.0,1.7,28,42,13.13,394.5932439,21.2,8.5,3.97,8.5,47.1
Sierra Leone,2008,0,6165372.0,77.0,44,75.0,77.0,1.9,29,44,1.29,46.3759178,2.7,8.7,3.91,8.3,46.2
Sierra Leone,2007,0,615417.0,63.0,0,63.0,64.0,2.2,29,45,1.12,358.8274716,2.2,8.9,3.86,8.2,45.3
Sierra Leone,2006,0,5848692.0,82.32124352331607,33,65.0,64.0,2.2,30,46,1.68,322.313468,19.7,9.1,3.8,8.0,44.3
Sierra Leone,2005,0,5658379.0,82.32124352331607,29,67.0,65.0,2.2,30,47,12.25,287.6891942,19.2,9.3,3.83,7.8,43.3
Sierra Leone,2004,0,5439695.0,82.32124352331607,7,69.0,65.0,2.1,30,47,11.66,263.145817,18.8,9.5,3.99,7.6,42.3
Sierra Leone,2003,0,5199549.0,82.32124352331607,586,66.0,73.0,1.9,30,47,11.69,263.7618312,18.4,9.7,4.07,7.4,41.5
Sierra Leone,2002,0,4957216.0,82.32124352331607,568,54.0,53.0,1.7,30,48,11.96,249.939542,17.9,9.9,4.06,7.2,48.0
Sierra Leone,2001,0,4739147.0,82.32124352331607,649,38.0,38.0,1.5,30,48,11.83,227.779471,17.5,1.1,4.21,7.0,41.0
Sierra Leone,2000,0,4564297.0,82.32124352331607,3575,46.0,44.0,1.2,29,48,13.63,139.3147734,17.2,1.3,3.97,6.7,39.0
South Africa,2015,0,5511976.68,75.0,17,75.0,75.0,3.6,42,52,7.521818181818182,5769.77258,51.1,4.4,9.842296072507553,13.0,62.9
South Africa,2014,0,54146734.74,8.0,66,77.0,77.0,3.7,42,52,8.8,6479.625659,5.3,4.9,7.38,13.0,62.0
South Africa,2013,0,53311955.61,7.0,25,73.0,73.0,4.5,43,54,8.78,6876.953821,49.5,5.4,7.34,12.8,69.0
South Africa,2012,0,5256515.8,68.0,32,65.0,65.0,7.6,43,56,8.79,7548.163698,48.7,6.0,7.38,12.8,59.2
South Africa,2011,0,51729345.36,76.0,92,69.0,69.0,8.5,43,58,8.61,849.954224,47.9,6.6,7.38,12.8,58.9
South Africa,2010,0,5979432.36,71.0,12499,72.0,72.0,11.0,43,62,8.5,7362.76139,47.2,7.3,7.28,12.8,58.0
South Africa,2009,0,5255813.11,74.0,5857,75.0,76.0,19.0,46,70,8.39,5888.6284,46.4,8.1,7.6,12.8,56.5
South Africa,2008,0,49557573.3,76.0,39,77.0,79.0,23.5,50,75,7.75,5786.59972,45.7,8.9,8.19,12.9,55.3
South Africa,2007,0,48883844.99,83.0,31,79.0,82.0,26.4,51,79,7.53,6125.39984,45.0,9.7,8.48,12.9,54.5
South Africa,2006,0,4823384.48,83.0,81,79.0,82.0,28.1,54,82,7.57,5631.73485,44.3,1.6,8.5,12.9,54.0
South Africa,2005,0,476667.24,79.0,615,75.0,79.0,29.5,55,84,7.77,5414.634326,43.6,11.6,8.69,12.9,53.8
South Africa,2004,0,4717.99,76.0,830,73.0,74.0,29.7,55,83,7.93,4863.51688,42.9,12.6,6.96,12.9,53.7
South Africa,2003,0,46418193.9,71.0,244,7.0,69.0,28.9,55,82,8.26,3775.68275,42.2,13.5,6.93,12.9,54.0
South Africa,2002,0,45855482.88,72.0,1043,7.0,7.0,26.6,54,79,8.9,2518.398261,41.6,14.5,7.04,12.9,54.9
South Africa,2001,0,45312937.0,72.0,1166,71.0,71.0,24.0,52,76,8.31,2681781.0,4.9,15.4,7.38,13.0,56.0
South Africa,2000,0,44896856.0,73.0,1459,71.0,73.0,21.3,51,73,8.7,337.2253,4.1,16.3,7.3,13.0,57.3
South Sudan,2015,0,11882136.0,31.0,878,41.0,31.0,3.4,26,39,7.521818181818182,758.725782,53.00710227272727,1.2281250000000001,9.842296072507553,4.9,57.3
South Sudan,2014,0,1153971.0,82.32124352331607,441,44.0,39.0,3.5,26,39,2.74,1151.861715,53.00710227272727,1.2281250000000001,9.842296072507553,4.9,56.6
South Sudan,2013,0,1117749.0,82.32124352331607,525,5.0,45.0,3.6,26,40,2.62,1186.11325,53.00710227272727,1.2281250000000001,9.842296072507553,4.9,56.4
South Sudan,2012,0,1818258.0,82.32124352331607,1952,64.0,59.0,3.8,26,40,2.77,958.45581,53.00710227272727,1.2281250000000001,9.842296072507553,4.9,56.0
South Sudan,2011,0,1448857.0,82.32124352331607,1256,66.0,61.0,3.9,27,41,7.521818181818182,176.9713,53.00710227272727,1.2281250000000001,9.842296072507553,4.9,55.4
South Sudan,2010,0,167192.0,82.32124352331607,0,93.7784090909091,93.57954545454545,4.0,27,41,7.521818181818182,1562.239346,53.00710227272727,1.2281250000000001,9.842296072507553,0.0,55.0
South Sudan,2009,0,967667.0,82.32124352331607,0,93.7784090909091,93.57954545454545,4.2,27,42,7.521818181818182,1264.78998,53.00710227272727,1.2281250000000001,9.842296072507553,0.0,54.3
South Sudan,2008,0,9263136.0,82.32124352331607,0,93.7784090909091,93.57954545454545,4.2,27,42,7.521818181818182,1678.711862,53.00710227272727,1.2281250000000001,9.842296072507553,0.0,53.6
South Sudan,2007,0,88568.0,82.32124352331607,0,93.7784090909091,93.57954545454545,4.2,27,43,7.521818181818182,2025945.594128702,53.00710227272727,1.2281250000000001,9.842296072507553,0.0,53.1
South Sudan,2006,0,8468152.0,82.32124352331607,0,93.7784090909091,93.57954545454545,4.1,28,43,7.521818181818182,2025945.594128702,53.00710227272727,1.2281250000000001,9.842296072507553,0.0,52.5
South Sudan,2005,0,818877.0,82.32124352331607,0,93.7784090909091,93.57954545454545,3.9,28,44,7.521818181818182,2025945.594128702,53.00710227272727,1.2281250000000001,9.842296072507553,0.0,51.9
South Sudan,2004,0,7787655.0,82.32124352331607,0,93.7784090909091,93.57954545454545,3.8,29,45,7.521818181818182,2025945.594128702,53.00710227272727,1.2281250000000001,9.842296072507553,0.0,51.4
South Sudan,2003,0,751642.0,82.32124352331607,0,93.7784090909091,93.57954545454545,3.5,29,46,7.521818181818182,2025945.594128702,53.00710227272727,1.2281250000000001,9.842296072507553,0.0,58.0
South Sudan,2002,0,7237276.0,82.32124352331607,0,93.7784090909091,93.57954545454545,3.3,30,48,7.521818181818182,2025945.594128702,53.00710227272727,1.2281250000000001,9.842296072507553,0.0,52.0
South Sudan,2001,0,6974442.0,82.32124352331607,0,93.7784090909091,93.57954545454545,3.0,30,49,7.521818181818182,2025945.594128702,53.00710227272727,1.2281250000000001,9.842296072507553,0.0,49.6
South Sudan,2000,0,67656.0,82.32124352331607,0,93.7784090909091,93.57954545454545,2.7,31,50,7.521818181818182,2025945.594128702,53.00710227272727,1.2281250000000001,9.842296072507553,0.0,48.9
Sudan,2015,0,3864783.0,93.0,3585,93.0,93.0,0.3,58,85,7.521818181818182,2513.884661,53.00710227272727,1.2281250000000001,9.842296072507553,7.2,64.1
Sudan,2014,0,37737913.0,94.0,676,94.0,94.0,0.3,59,86,8.43,2176.89829,53.00710227272727,1.2281250000000001,0.01,7.2,63.8
Sudan,2013,0,36849918.0,93.0,2813,93.0,93.0,0.3,60,88,8.42,1955.66799,53.00710227272727,1.2281250000000001,0.01,7.0,63.5
Sudan,2012,0,3599192.0,92.0,8523,92.0,92.0,0.3,61,89,8.2,1892.894352,53.00710227272727,1.2281250000000001,0.01,6.8,63.2
Sudan,2011,0,35167314.0,93.0,5616,93.0,93.0,0.3,61,91,8.3,1666.857757,53.00710227272727,1.2281250000000001,2.12,7.0,62.7
Sudan,2010,0,34385963.0,75.0,680,9.0,9.0,0.3,62,92,7.97,1476.47887,53.00710227272727,1.2281250000000001,1.77,7.0,62.5
Sudan,2009,0,3365619.0,72.0,68,81.0,81.0,0.3,63,94,8.4,1226.884381,53.00710227272727,1.2281250000000001,1.99,6.8,62.0
Sudan,2008,0,32955496.0,78.0,129,85.0,86.0,0.3,64,95,8.17,1291.528826,53.00710227272727,1.2281250000000001,2.01,6.3,61.8
Sudan,2007,0,32282526.0,78.0,327,84.0,84.0,0.3,65,97,4.72,1115.6952,53.00710227272727,1.2281250000000001,2.01,6.4,61.4
Sudan,2006,0,316764.0,6.0,228,77.0,78.0,0.2,66,99,3.93,893.8793645,53.00710227272727,1.2281250000000001,1.9,6.2,61.0
Sudan,2005,0,3911914.0,22.0,1374,78.0,78.0,0.2,66,101,3.18,679.7539949,53.00710227272727,1.2281250000000001,1.55,6.1,67.0
Sudan,2004,0,3186341.0,82.32124352331607,9562,74.0,74.0,0.2,68,102,3.39,565.569459,53.00710227272727,1.2281250000000001,1.59,5.7,59.7
Sudan,2003,0,29435944.0,82.32124352331607,4381,69.0,69.0,0.2,69,104,3.18,477.738478,53.00710227272727,1.2281250000000001,1.74,5.6,59.6
Sudan,2002,0,28679565.0,82.32124352331607,4529,6.0,6.0,0.2,70,106,2.95,412.1517561,53.00710227272727,1.2281250000000001,1.59,5.6,59.4
Sudan,2001,0,279455.0,82.32124352331607,4362,66.0,66.0,0.2,71,108,2.96,377.5254454,53.00710227272727,1.2281250000000001,1.81,5.6,58.9
Sudan,2000,0,2725535.0,82.32124352331607,2875,62.0,62.0,0.1,71,109,3.23,361.35843,53.00710227272727,1.2281250000000001,1.76,5.5,58.6
Togo,2015,0,741682.0,88.0,20,88.0,88.0,1.0,13,20,7.521818181818182,551.138346,24.3,6.5,9.842296072507553,12.0,59.9
Togo,2014,0,7228915.0,87.0,577,85.0,87.0,1.0,13,20,5.25,62.1318489,23.7,6.6,0.01,12.0,59.7
Togo,2013,0,742948.0,84.0,564,84.0,84.0,1.5,14,20,5.12,579.43485,23.1,6.8,0.01,12.0,59.4
Togo,2012,0,6859482.0,84.0,238,84.0,84.0,1.7,14,21,5.11,563.6894247,22.6,7.0,0.01,12.0,58.9
Togo,2011,0,6679282.0,85.0,187,85.0,85.0,2.6,14,21,5.21,562.3393592,22.0,7.1,1.44,11.5,58.3
Togo,2010,0,652952.0,83.0,120,83.0,83.0,3.8,14,21,5.37,487.9238913,21.4,7.3,1.21,11.0,57.4
Togo,2009,0,633472.0,78.0,425,78.0,78.0,4.3,14,22,6.64,499.6468713,2.9,7.5,1.24,10.6,56.7
Togo,2008,0,6161796.0,24.0,187,8.0,81.0,4.8,14,22,5.73,513.391914,2.4,7.7,1.33,10.1,56.2
Togo,2007,0,5997385.0,82.32124352331607,8,72.0,82.0,5.1,14,22,5.55,42.764743,19.8,7.9,1.37,10.6,55.9
Togo,2006,0,5837792.0,82.32124352331607,26,85.0,84.0,5.0,15,22,5.56,377.33629,19.3,8.1,1.37,10.2,55.7
Togo,2005,0,5683268.0,82.32124352331607,38,8.0,82.0,5.0,15,22,5.17,372.1721837,18.9,8.4,1.14,10.1,55.0
Togo,2004,0,5534598.0,82.32124352331607,61,71.0,71.0,5.1,15,22,5.6,349.9937253,18.4,8.6,1.01,10.0,54.9
Togo,2003,0,539141.0,82.32124352331607,295,72.0,72.0,5.2,15,22,5.0,31.437144,17.9,8.8,1.02,9.9,54.7
Togo,2002,0,5251472.0,82.32124352331607,363,58.0,59.0,5.3,15,22,4.7,28.832123,17.5,9.0,1.0,9.7,54.7
Togo,2001,0,511177.0,82.32124352331607,1833,51.0,5.0,5.3,14,22,4.29,26.6394652,17.1,9.2,0.95,9.4,54.6
Togo,2000,0,497367.0,82.32124352331607,3578,63.0,64.0,5.1,14,22,4.35,26.3932935,16.6,9.4,1.1,9.3,54.6
Tunisia,2015,0,11273661.0,98.0,16,98.0,98.0,0.1,3,3,7.521818181818182,3828.91589,61.2,6.5,9.842296072507553,14.6,75.3
Tunisia,2014,0,1114398.0,98.0,15,98.0,98.0,0.1,3,3,7.0,4271.68172,6.2,6.5,1.39,14.7,75.1
Tunisia,2013,0,1114558.0,98.0,16,98.0,98.0,0.1,3,3,7.26,4199.47253,59.3,6.4,1.29,14.7,74.9
Tunisia,2012,0,1886668.0,97.0,48,97.0,97.0,0.1,3,3,7.18,4137.55421,58.3,6.4,1.3,14.6,74.9
Tunisia,2011,0,1761467.0,98.0,11,98.0,98.0,0.1,3,3,7.15,4256.91279,57.4,6.4,1.29,14.5,74.8
Tunisia,2010,0,1639931.0,98.0,1,98.0,98.0,0.1,3,3,6.54,414.15177,56.5,6.3,1.28,14.4,74.8
Tunisia,2009,0,1521834.0,99.0,1,99.0,99.0,0.1,3,3,6.18,4129.977335,55.6,6.3,1.4,14.4,74.7
Tunisia,2008,0,147336.0,99.0,2,99.0,99.0,0.1,3,3,5.63,431.9326,54.7,6.3,1.37,14.3,74.7
Tunisia,2007,0,129887.0,98.0,4,98.0,98.0,0.1,3,4,5.64,3778.184171,53.9,6.3,1.24,14.3,74.6
Tunisia,2006,0,1196136.0,99.0,3,99.0,99.0,0.1,3,4,5.64,3371.71231,53.1,6.3,1.46,14.2,74.4
Tunisia,2005,0,112482.0,97.0,15,98.0,98.0,0.1,3,4,5.57,3194.562243,52.2,6.4,1.37,13.9,74.2
Tunisia,2004,0,11761.0,96.0,1,97.0,97.0,0.1,3,4,5.63,3112.83529,51.4,6.4,1.36,13.6,74.0
Tunisia,2003,0,9939678.0,92.0,22,95.0,95.0,0.1,4,4,5.36,2761.969249,5.6,6.4,1.34,13.5,73.7
Tunisia,2002,0,9864326.0,93.0,98,96.0,96.0,0.1,4,5,5.32,2346.5937,49.7,6.5,1.17,13.3,73.5
Tunisia,2001,0,978571.0,94.0,231,98.0,98.0,0.1,4,5,5.29,2254.933126,48.9,6.5,1.19,13.1,73.2
Tunisia,2000,0,9699197.0,94.0,47,97.0,97.0,0.1,4,5,5.4,2213.91488,48.1,6.6,1.21,12.8,72.9
Uganda,2015,0,414487.0,78.0,478,82.0,78.0,3.1,66,93,7.521818181818182,693.8963829,18.5,5.6,9.842296072507553,10.0,62.3
Uganda,2014,0,38833338.0,78.0,314,82.0,78.0,3.2,68,97,7.22,719.172669,18.1,5.7,0.01,10.0,61.5
Uganda,2013,0,37553726.0,78.0,7878,82.0,78.0,4.0,71,103,7.47,662.492293,17.6,5.7,0.01,10.0,67.0
Uganda,2012,0,3636796.0,78.0,2027,82.0,78.0,4.6,73,109,7.58,647.74741,17.2,5.8,0.01,10.0,60.0
Uganda,2011,0,3593648.0,82.0,3312,82.0,82.0,6.8,76,114,9.9,584.3962137,16.7,5.9,10.22,10.7,59.3
Uganda,2010,0,33915133.0,8.0,1313,79.0,8.0,8.0,79,119,11.2,594.9972557,16.3,6.0,10.03,10.9,58.4
Uganda,2009,0,32771895.0,79.0,1601,78.0,79.0,8.1,82,124,8.43,647.17732,15.9,6.1,9.63,10.8,57.5
Uganda,2008,0,31663896.0,71.0,1319,69.0,71.0,8.2,84,130,9.1,449.6928183,15.6,6.2,9.79,10.6,56.3
Uganda,2007,0,359487.0,73.0,3776,7.0,73.0,8.4,88,137,9.76,41.858631,15.2,6.3,9.65,10.3,55.5
Uganda,2006,0,2955662.0,64.0,5736,62.0,64.0,8.6,93,145,9.86,336.4593923,14.8,6.4,9.81,10.6,54.9
Uganda,2005,0,2854394.0,64.0,22,59.0,64.0,8.7,99,155,9.36,315.788227,14.5,6.5,10.09,10.9,53.2
Uganda,2004,0,27568436.0,62.0,141,58.0,62.0,8.9,104,164,8.9,288.236949,14.2,6.6,9.89,11.6,51.3
Uganda,2003,0,2662482.0,44.0,29429,57.0,59.0,9.4,109,173,7.54,237.9995917,13.9,6.7,10.16,11.5,51.0
Uganda,2002,0,2571848.0,29.0,49871,57.0,57.0,10.0,112,181,7.78,24.2423229,13.6,6.8,10.42,11.0,48.8
Uganda,2001,0,24854892.0,82.32124352331607,48543,56.0,55.0,10.8,115,187,7.26,234.984775,13.3,6.9,10.57,10.8,47.7
Uganda,2000,0,2439274.0,82.32124352331607,42554,55.0,52.0,11.6,116,191,6.77,257.63369,13.0,7.0,10.47,9.8,46.6
Zambia,2015,0,161587.0,9.0,9,9.0,9.0,4.1,27,40,7.521818181818182,1313.889646,23.4,6.3,9.842296072507553,12.5,61.8
Zambia,2014,0,1562974.0,86.0,9,78.0,86.0,4.3,28,41,4.99,1738.8822,22.8,6.3,0.01,12.5,61.1
Zambia,2013,0,1515321.0,79.0,35,74.0,79.0,4.8,29,42,4.99,185.793359,22.3,6.4,2.41,12.5,63.0
Zambia,2012,0,14699937.0,78.0,896,7.0,78.0,5.6,29,43,4.91,1734.93612,21.7,6.5,2.59,12.3,59.2
Zambia,2011,0,14264756.0,81.0,13234,83.0,81.0,6.3,29,44,4.26,1644.619672,21.2,6.6,2.57,12.0,58.2
Zambia,2010,0,138533.0,83.0,15754,8.0,83.0,6.8,30,45,4.41,1463.213573,2.7,6.7,2.47,11.8,58.0
Zambia,2009,0,13456417.0,94.0,26,93.0,94.0,9.1,30,47,4.73,1139.11233,2.2,6.7,2.3,11.6,57.4
Zambia,2008,0,1382517.0,87.0,140,9.0,87.0,11.9,31,49,4.87,1369.68249,19.7,6.8,2.12,11.4,55.7
Zambia,2007,0,12725974.0,8.0,535,77.0,8.0,13.6,32,51,4.37,114.587985,19.2,6.9,2.08,11.1,52.6
Zambia,2006,0,12383446.0,81.0,459,83.0,81.0,15.9,33,52,6.11,13.154199,18.8,7.0,2.25,10.9,58.0
Zambia,2005,0,1252156.0,82.0,45,84.0,82.0,17.0,34,55,7.56,691.3178164,18.4,7.1,2.33,10.7,49.3
Zambia,2004,0,11731746.0,82.32124352331607,35,84.0,83.0,17.6,36,59,7.33,53.2772217,18.0,7.2,2.46,10.5,47.9
Zambia,2003,0,11421984.0,82.32124352331607,881,85.0,83.0,18.2,39,62,8.18,429.1583434,17.6,7.3,2.33,10.2,46.4
Zambia,2002,0,111249.0,82.32124352331607,25036,85.0,84.0,18.4,41,66,6.93,377.135244,17.3,7.4,2.44,10.0,45.5
Zambia,2001,0,1824125.0,82.32124352331607,16997,86.0,85.0,18.6,43,70,6.56,378.2736238,17.1,7.4,2.61,9.8,44.6
Zambia,2000,0,1531221.0,82.32124352331607,30930,85.0,85.0,18.7,44,72,7.16,341.955625,16.8,7.5,2.62,9.6,43.8
Zimbabwe,2015,0,15777451.0,87.0,0,88.0,87.0,6.2,22,32,7.521818181818182,118.69383,31.8,5.6,9.842296072507553,10.3,67.0
Zimbabwe,2014,0,15411675.0,91.0,0,92.0,91.0,6.3,23,34,6.44,127.47462,31.3,5.9,6.5,10.3,59.2
Zimbabwe,2013,0,155456.0,95.0,0,95.0,95.0,6.8,25,36,6.88,111.227396,3.8,6.2,6.39,10.4,58.0
Zimbabwe,2012,0,1471826.0,97.0,0,95.0,95.0,8.8,26,39,6.69,955.648466,3.3,6.5,6.09,9.8,56.6
Zimbabwe,2011,0,14386649.0,94.0,0,93.0,93.0,13.3,28,42,6.31,839.927936,29.9,6.8,6.0,10.1,54.9
Zimbabwe,2010,0,1486317.0,9.0,9696,89.0,89.0,15.7,29,44,5.37,713.63562,29.4,7.1,5.21,10.0,52.4
Zimbabwe,2009,0,1381599.0,73.0,853,69.0,73.0,18.1,30,45,6.26,65.824121,29.0,7.5,4.64,9.9,50.0
Zimbabwe,2008,0,13558469.0,75.0,0,75.0,75.0,20.5,30,46,4.96,325.678573,28.6,7.8,3.56,9.7,48.2
Zimbabwe,2007,0,1332999.0,72.0,242,73.0,73.0,23.7,29,46,4.47,396.9982166,28.2,8.2,3.88,9.6,46.6
Zimbabwe,2006,0,13124267.0,68.0,212,71.0,7.0,26.8,28,45,5.12,414.796232,27.9,8.6,4.57,9.5,45.4
Zimbabwe,2005,0,129432.0,65.0,420,69.0,68.0,30.3,28,43,6.44,444.76575,27.5,9.0,4.14,9.3,44.6
Zimbabwe,2004,0,12777511.0,68.0,31,67.0,65.0,33.6,27,42,7.13,454.366654,27.1,9.4,4.36,9.2,44.3
Zimbabwe,2003,0,12633897.0,7.0,998,7.0,68.0,36.7,26,41,6.52,453.3511552,26.7,9.8,4.06,9.5,44.5
Zimbabwe,2002,0,125525.0,73.0,304,73.0,71.0,39.8,25,40,6.53,57.34834,26.3,1.2,4.43,10.0,44.8
Zimbabwe,2001,0,12366165.0,76.0,529,76.0,75.0,42.1,25,39,6.16,548.587312,25.9,1.6,1.72,9.8,45.3
Zimbabwe,2000,0,12222251.0,79.0,1483,78.0,78.0,43.5,24,39,7.1,547.3588785,25.5,11.0,1.68,9.8,46.0
